=== RUN   TestArchitecture_NoStringHeuristicsForSemantics
--- PASS: TestArchitecture_NoStringHeuristicsForSemantics (0.19s)
=== RUN   TestArchitecture_DeferredResultContract
--- PASS: TestArchitecture_DeferredResultContract (0.01s)
=== RUN   TestArchitecture_NoForbiddenExternalImports
--- PASS: TestArchitecture_NoForbiddenExternalImports (0.02s)
=== RUN   TestArchitecture_NoJSONMetadataInTextParts
--- PASS: TestArchitecture_NoJSONMetadataInTextParts (0.21s)
=== RUN   TestArchitecture_NoContractMetadataInAttributes
--- PASS: TestArchitecture_NoContractMetadataInAttributes (0.01s)
=== RUN   TestArchitecture_NoBase64InCore
--- PASS: TestArchitecture_NoBase64InCore (0.22s)
=== RUN   TestArchitecture_NoRemovedOverlayAPIInCore
--- PASS: TestArchitecture_NoRemovedOverlayAPIInCore (0.01s)
=== RUN   TestArchitecture_NoPositionalReplacementAPI
--- PASS: TestArchitecture_NoPositionalReplacementAPI (0.01s)
=== RUN   TestArchitecture_FormattersUseExplicitContext
--- PASS: TestArchitecture_FormattersUseExplicitContext (0.18s)
=== RUN   TestBudgetDecisionRejectsImpossibleSummary
--- PASS: TestBudgetDecisionRejectsImpossibleSummary (0.00s)
=== RUN   TestCompile_OptionsEvaluatedOnce
--- PASS: TestCompile_OptionsEvaluatedOnce (0.01s)
=== RUN   TestTextReplacement_OptionDigest
=== RUN   TestTextReplacement_OptionDigest/id
=== RUN   TestTextReplacement_OptionDigest/segment
=== RUN   TestTextReplacement_OptionDigest/replacement-value
=== RUN   TestTextReplacement_OptionDigest/order
--- PASS: TestTextReplacement_OptionDigest (0.00s)
    --- PASS: TestTextReplacement_OptionDigest/id (0.00s)
    --- PASS: TestTextReplacement_OptionDigest/segment (0.00s)
    --- PASS: TestTextReplacement_OptionDigest/replacement-value (0.00s)
    --- PASS: TestTextReplacement_OptionDigest/order (0.00s)
=== RUN   TestMigration_APIReferences
--- PASS: TestMigration_APIReferences (0.18s)
=== RUN   TestArchitecture_PublicContractShapes
--- PASS: TestArchitecture_PublicContractShapes (0.01s)
=== RUN   TestManifest_ArtifactRevisionInputs
--- PASS: TestManifest_ArtifactRevisionInputs (0.00s)
=== RUN   TestMaterializationRequiresExplicitPolicy
--- PASS: TestMaterializationRequiresExplicitPolicy (0.00s)
=== RUN   TestMaterializationOwnsAndCachesExactRepresentation
--- PASS: TestMaterializationOwnsAndCachesExactRepresentation (0.00s)
=== RUN   TestMaterializationRejectsEmptyRoleAndCancellation
=== RUN   TestMaterializationRejectsEmptyRoleAndCancellation/role
=== RUN   TestMaterializationRejectsEmptyRoleAndCancellation/cancellation
--- PASS: TestMaterializationRejectsEmptyRoleAndCancellation (0.00s)
    --- PASS: TestMaterializationRejectsEmptyRoleAndCancellation/role (0.00s)
    --- PASS: TestMaterializationRejectsEmptyRoleAndCancellation/cancellation (0.00s)
=== RUN   TestMaterializationRejectsRolesAndToolExecutionParts
=== RUN   TestMaterializationRejectsRolesAndToolExecutionParts/unknown_role
=== RUN   TestMaterializationRejectsRolesAndToolExecutionParts/call
=== RUN   TestMaterializationRejectsRolesAndToolExecutionParts/result
--- PASS: TestMaterializationRejectsRolesAndToolExecutionParts (0.00s)
    --- PASS: TestMaterializationRejectsRolesAndToolExecutionParts/unknown_role (0.00s)
    --- PASS: TestMaterializationRejectsRolesAndToolExecutionParts/call (0.00s)
    --- PASS: TestMaterializationRejectsRolesAndToolExecutionParts/result (0.00s)
=== RUN   TestMaterializationPreservesTypedMediaAndAncestry
--- PASS: TestMaterializationPreservesTypedMediaAndAncestry (0.00s)
=== RUN   TestApplyMergePolicy_AppendDefault
=== PAUSE TestApplyMergePolicy_AppendDefault
=== RUN   TestApplyMergePolicy_UnknownPolicyRejected
=== PAUSE TestApplyMergePolicy_UnknownPolicyRejected
=== RUN   TestApplyMergePolicy_ReplaceByOrigin_EmptyOriginIncoming
=== PAUSE TestApplyMergePolicy_ReplaceByOrigin_EmptyOriginIncoming
=== RUN   TestApplyMergePolicy_ReplaceByOrigin_ReplacesTemplate
=== PAUSE TestApplyMergePolicy_ReplaceByOrigin_ReplacesTemplate
=== RUN   TestApplyMergePolicy_ReplaceByOrigin_DropsMultipleSameTemplate
=== PAUSE TestApplyMergePolicy_ReplaceByOrigin_DropsMultipleSameTemplate
=== RUN   TestApplyMergePolicy_DeduplicateByLayer
=== PAUSE TestApplyMergePolicy_DeduplicateByLayer
=== RUN   TestApplyMergePolicy_MultipleDeferredBlocksSimulated
=== PAUSE TestApplyMergePolicy_MultipleDeferredBlocksSimulated
=== RUN   TestOpaqueEvidence_ExactDropProofAndNoHiddenMutation
--- PASS: TestOpaqueEvidence_ExactDropProofAndNoHiddenMutation (0.01s)
=== RUN   TestOpaqueEvidence_RejectValidStateRemovalAndForgedIdentity
--- PASS: TestOpaqueEvidence_RejectValidStateRemovalAndForgedIdentity (0.00s)
=== RUN   TestOpaqueEvidence_ConfigurationCloneAndReplayIdentity
--- PASS: TestOpaqueEvidence_ConfigurationCloneAndReplayIdentity (0.00s)
=== RUN   TestOutputPolicyOwnedTypedProjection
=== PAUSE TestOutputPolicyOwnedTypedProjection
=== RUN   TestOutputPolicyRejectsStructuralChanges
=== PAUSE TestOutputPolicyRejectsStructuralChanges
=== RUN   TestOutputPolicyConfigurationAndCancellation
=== PAUSE TestOutputPolicyConfigurationAndCancellation
=== RUN   TestOutputPolicyRejectAndNoPolicy
=== PAUSE TestOutputPolicyRejectAndNoPolicy
=== RUN   TestOutputPolicyTypedCodecContract
=== PAUSE TestOutputPolicyTypedCodecContract
=== RUN   TestOutputPolicyNilDoesNotRestrictRole
=== PAUSE TestOutputPolicyNilDoesNotRestrictRole
=== RUN   TestPolicyEvidenceRequiredMapsOnlyThroughPinnedDecision
--- PASS: TestPolicyEvidenceRequiredMapsOnlyThroughPinnedDecision (0.00s)
=== RUN   TestPolicyEvidenceRejectsStaleBindings
=== RUN   TestPolicyEvidenceRejectsStaleBindings/missing_decision
=== RUN   TestPolicyEvidenceRejectsStaleBindings/unconfigured_decision
=== RUN   TestPolicyEvidenceRejectsStaleBindings/different_descriptor
=== RUN   TestPolicyEvidenceRejectsStaleBindings/missing_lineage
=== RUN   TestPolicyEvidenceRejectsStaleBindings/different_lineage_descriptor
=== RUN   TestPolicyEvidenceRejectsStaleBindings/changed_final_refs
=== RUN   TestPolicyEvidenceRejectsStaleBindings/required_refs_unrelated
=== RUN   TestPolicyEvidenceRejectsStaleBindings/reordered_segment
--- PASS: TestPolicyEvidenceRejectsStaleBindings (0.00s)
    --- PASS: TestPolicyEvidenceRejectsStaleBindings/missing_decision (0.00s)
    --- PASS: TestPolicyEvidenceRejectsStaleBindings/unconfigured_decision (0.00s)
    --- PASS: TestPolicyEvidenceRejectsStaleBindings/different_descriptor (0.00s)
    --- PASS: TestPolicyEvidenceRejectsStaleBindings/missing_lineage (0.00s)
    --- PASS: TestPolicyEvidenceRejectsStaleBindings/different_lineage_descriptor (0.00s)
    --- PASS: TestPolicyEvidenceRejectsStaleBindings/changed_final_refs (0.00s)
    --- PASS: TestPolicyEvidenceRejectsStaleBindings/required_refs_unrelated (0.00s)
    --- PASS: TestPolicyEvidenceRejectsStaleBindings/reordered_segment (0.00s)
=== RUN   TestOutputPolicyDecisionCloneOwnsRefs
--- PASS: TestOutputPolicyDecisionCloneOwnsRefs (0.00s)
=== RUN   TestMaterializationEvidenceRequiresPreparedRepresentationBinding
--- PASS: TestMaterializationEvidenceRequiresPreparedRepresentationBinding (0.00s)
=== RUN   TestRemediation_MemoryCanceledLockWait
=== RUN   TestRemediation_MemoryCanceledLockWait/load
=== RUN   TestRemediation_MemoryCanceledLockWait/commit
=== RUN   TestRemediation_MemoryCanceledLockWait/clear
--- PASS: TestRemediation_MemoryCanceledLockWait (0.00s)
    --- PASS: TestRemediation_MemoryCanceledLockWait/load (0.00s)
    --- PASS: TestRemediation_MemoryCanceledLockWait/commit (0.00s)
    --- PASS: TestRemediation_MemoryCanceledLockWait/clear (0.00s)
=== RUN   TestRemediation_MemoryCodecSerializesOtherIDs
--- PASS: TestRemediation_MemoryCodecSerializesOtherIDs (0.00s)
=== RUN   TestArchitecture_NoDevelopmentMarkers
--- PASS: TestArchitecture_NoDevelopmentMarkers (1.76s)
=== RUN   TestArchitecture_TestDoublesOutsideCore
--- PASS: TestArchitecture_TestDoublesOutsideCore (0.17s)
=== RUN   TestArchitecture_PublicDocumentationLinks
--- PASS: TestArchitecture_PublicDocumentationLinks (0.03s)
=== RUN   TestReplay_AppendBudgetBinding
=== RUN   TestReplay_AppendBudgetBinding/unlimited
=== RUN   TestReplay_AppendBudgetBinding/actual-local-budget
=== RUN   TestReplay_AppendBudgetBinding/missing-local-budget
=== RUN   TestReplay_AppendBudgetBinding/changed-local-limit
=== RUN   TestReplay_AppendBudgetBinding/invented-local-budget
--- PASS: TestReplay_AppendBudgetBinding (0.00s)
    --- PASS: TestReplay_AppendBudgetBinding/unlimited (0.00s)
    --- PASS: TestReplay_AppendBudgetBinding/actual-local-budget (0.00s)
    --- PASS: TestReplay_AppendBudgetBinding/missing-local-budget (0.00s)
    --- PASS: TestReplay_AppendBudgetBinding/changed-local-limit (0.00s)
    --- PASS: TestReplay_AppendBudgetBinding/invented-local-budget (0.00s)
=== RUN   TestArtifact_CommonBudget
=== RUN   TestArtifact_CommonBudget/host_cost_exceeds_rune_count
=== RUN   TestArtifact_CommonBudget/host_cost_below_rune_count
=== RUN   TestArtifact_CommonBudget/zero_is_an_actual_limit
=== RUN   TestArtifact_CommonBudget/zero_cost_within_zero_limit
=== RUN   TestArtifact_CommonBudget/negative_limit
=== RUN   TestArtifact_CommonBudget/negative_estimate
--- PASS: TestArtifact_CommonBudget (0.01s)
    --- PASS: TestArtifact_CommonBudget/host_cost_exceeds_rune_count (0.00s)
    --- PASS: TestArtifact_CommonBudget/host_cost_below_rune_count (0.00s)
    --- PASS: TestArtifact_CommonBudget/zero_is_an_actual_limit (0.00s)
    --- PASS: TestArtifact_CommonBudget/zero_cost_within_zero_limit (0.00s)
    --- PASS: TestArtifact_CommonBudget/negative_limit (0.00s)
    --- PASS: TestArtifact_CommonBudget/negative_estimate (0.00s)
=== RUN   TestArtifact_EstimateFailure
=== RUN   TestArtifact_EstimateFailure/counter_error
=== RUN   TestArtifact_EstimateFailure/counter_cancellation
--- PASS: TestArtifact_EstimateFailure (0.00s)
    --- PASS: TestArtifact_EstimateFailure/counter_error (0.00s)
    --- PASS: TestArtifact_EstimateFailure/counter_cancellation (0.00s)
=== RUN   TestArtifact_ExclusionEvidence
--- PASS: TestArtifact_ExclusionEvidence (0.02s)
=== RUN   TestArtifact_EstimateRecord
--- PASS: TestArtifact_EstimateRecord (0.25s)
=== RUN   TestArtifact_EstimateValidation
=== RUN   TestArtifact_EstimateValidation/missing_evidence
=== RUN   TestArtifact_EstimateValidation/missing_report
=== RUN   TestArtifact_EstimateValidation/duplicate_evidence
=== RUN   TestArtifact_EstimateValidation/wrong_input
=== RUN   TestArtifact_EstimateValidation/wrong_message
=== RUN   TestArtifact_EstimateValidation/wrong_limit
=== RUN   TestArtifact_EstimateValidation/negative_cost
=== RUN   TestArtifact_EstimateValidation/contradictory_admission
=== RUN   TestArtifact_EstimateValidation/contradictory_exclusion
=== RUN   TestArtifact_EstimateValidation/unknown_budget_request
--- PASS: TestArtifact_EstimateValidation (0.39s)
    --- PASS: TestArtifact_EstimateValidation/missing_evidence (0.03s)
    --- PASS: TestArtifact_EstimateValidation/missing_report (0.03s)
    --- PASS: TestArtifact_EstimateValidation/duplicate_evidence (0.03s)
    --- PASS: TestArtifact_EstimateValidation/wrong_input (0.03s)
    --- PASS: TestArtifact_EstimateValidation/wrong_message (0.03s)
    --- PASS: TestArtifact_EstimateValidation/wrong_limit (0.03s)
    --- PASS: TestArtifact_EstimateValidation/negative_cost (0.03s)
    --- PASS: TestArtifact_EstimateValidation/contradictory_admission (0.03s)
    --- PASS: TestArtifact_EstimateValidation/contradictory_exclusion (0.03s)
    --- PASS: TestArtifact_EstimateValidation/unknown_budget_request (0.03s)
=== RUN   TestAcceptance_ArtifactEvidenceIndependentProfiles
=== PAUSE TestAcceptance_ArtifactEvidenceIndependentProfiles
=== RUN   TestAcceptance_ArtifactEvidenceRejectsTargetTampering
=== PAUSE TestAcceptance_ArtifactEvidenceRejectsTargetTampering
=== RUN   TestAcceptance_ArtifactGlobalPackingBelowLocalCap
=== PAUSE TestAcceptance_ArtifactGlobalPackingBelowLocalCap
=== RUN   TestBenchGuardrails_Render
--- PASS: TestBenchGuardrails_Render (1.52s)
=== RUN   TestBenchGuardrails_HostTextTransform
--- PASS: TestBenchGuardrails_HostTextTransform (1.33s)
=== RUN   TestBenchGuardrails_Truncate
--- PASS: TestBenchGuardrails_Truncate (1.33s)
=== RUN   TestBlob_ArtifactLabels
--- PASS: TestBlob_ArtifactLabels (0.14s)
=== RUN   TestArtifact_LabelCodecFailures
=== RUN   TestArtifact_LabelCodecFailures/missing
=== RUN   TestArtifact_LabelCodecFailures/lossy
=== RUN   TestArtifact_LabelCodecFailures/nil-label
=== RUN   TestArtifact_LabelCodecFailures/nil-decoder
=== RUN   TestArtifact_LabelCodecFailures/typed-nil-result
--- PASS: TestArtifact_LabelCodecFailures (0.01s)
    --- PASS: TestArtifact_LabelCodecFailures/missing (0.00s)
    --- PASS: TestArtifact_LabelCodecFailures/lossy (0.00s)
    --- PASS: TestArtifact_LabelCodecFailures/nil-label (0.00s)
    --- PASS: TestArtifact_LabelCodecFailures/nil-decoder (0.00s)
    --- PASS: TestArtifact_LabelCodecFailures/typed-nil-result (0.00s)
=== RUN   TestArtifact_LabelCodecCancellation
--- PASS: TestArtifact_LabelCodecCancellation (0.00s)
=== RUN   TestArtifact_AppendPreservesLabels
--- PASS: TestArtifact_AppendPreservesLabels (0.00s)
=== RUN   TestBlob_ArtifactCompileAndResume
--- PASS: TestBlob_ArtifactCompileAndResume (0.13s)
=== RUN   TestBlob_ArtifactTampering
=== RUN   TestBlob_ArtifactTampering/preview
=== RUN   TestBlob_ArtifactTampering/source
=== RUN   TestBlob_ArtifactTampering/media
=== RUN   TestBlob_ArtifactTampering/policy
=== RUN   TestBlob_ArtifactTampering/threshold
=== RUN   TestBlob_ArtifactTampering/merged-preview
--- PASS: TestBlob_ArtifactTampering (0.01s)
    --- PASS: TestBlob_ArtifactTampering/preview (0.00s)
    --- PASS: TestBlob_ArtifactTampering/source (0.00s)
    --- PASS: TestBlob_ArtifactTampering/media (0.00s)
    --- PASS: TestBlob_ArtifactTampering/policy (0.00s)
    --- PASS: TestBlob_ArtifactTampering/threshold (0.00s)
    --- PASS: TestBlob_ArtifactTampering/merged-preview (0.00s)
=== RUN   TestBlob_ArtifactSelection
=== RUN   TestBlob_ArtifactSelection/inline
=== RUN   TestBlob_ArtifactSelection/reject
=== RUN   TestBlob_ArtifactSelection/offload
--- PASS: TestBlob_ArtifactSelection (0.00s)
    --- PASS: TestBlob_ArtifactSelection/inline (0.00s)
    --- PASS: TestBlob_ArtifactSelection/reject (0.00s)
    --- PASS: TestBlob_ArtifactSelection/offload (0.00s)
=== RUN   TestBlob_ThresholdBoundaries
=== RUN   TestBlob_ThresholdBoundaries/xxx
=== RUN   TestBlob_ThresholdBoundaries/xxxx
=== RUN   TestBlob_ThresholdBoundaries/xxxxxxxxxx
=== RUN   TestBlob_ThresholdBoundaries/xxxxxxxxxxx
--- PASS: TestBlob_ThresholdBoundaries (0.00s)
    --- PASS: TestBlob_ThresholdBoundaries/xxx (0.00s)
    --- PASS: TestBlob_ThresholdBoundaries/xxxx (0.00s)
    --- PASS: TestBlob_ThresholdBoundaries/xxxxxxxxxx (0.00s)
    --- PASS: TestBlob_ThresholdBoundaries/xxxxxxxxxxx (0.00s)
=== RUN   TestBlob_OffloadFailureIsolation
=== RUN   TestBlob_OffloadFailureIsolation/preview-size
=== RUN   TestBlob_OffloadFailureIsolation/preview-media
=== RUN   TestBlob_OffloadFailureIsolation/preview-encoding
=== RUN   TestBlob_OffloadFailureIsolation/unknown
=== RUN   TestBlob_OffloadFailureIsolation/policy-error
=== RUN   TestBlob_OffloadFailureIsolation/policy-cancel
=== RUN   TestBlob_OffloadFailureIsolation/partial-put
--- PASS: TestBlob_OffloadFailureIsolation (0.00s)
    --- PASS: TestBlob_OffloadFailureIsolation/preview-size (0.00s)
    --- PASS: TestBlob_OffloadFailureIsolation/preview-media (0.00s)
    --- PASS: TestBlob_OffloadFailureIsolation/preview-encoding (0.00s)
    --- PASS: TestBlob_OffloadFailureIsolation/unknown (0.00s)
    --- PASS: TestBlob_OffloadFailureIsolation/policy-error (0.00s)
    --- PASS: TestBlob_OffloadFailureIsolation/policy-cancel (0.00s)
    --- PASS: TestBlob_OffloadFailureIsolation/partial-put (0.00s)
=== RUN   TestBlob_OffloadConfiguration
=== RUN   TestBlob_OffloadConfiguration/nil-policy
=== RUN   TestBlob_OffloadConfiguration/typed-nil-policy
=== RUN   TestBlob_OffloadConfiguration/identity
=== RUN   TestBlob_OffloadConfiguration/negative-preview
=== RUN   TestBlob_OffloadConfiguration/source-media
=== RUN   TestBlob_OffloadConfiguration/source-ref
--- PASS: TestBlob_OffloadConfiguration (0.00s)
    --- PASS: TestBlob_OffloadConfiguration/nil-policy (0.00s)
    --- PASS: TestBlob_OffloadConfiguration/typed-nil-policy (0.00s)
    --- PASS: TestBlob_OffloadConfiguration/identity (0.00s)
    --- PASS: TestBlob_OffloadConfiguration/negative-preview (0.00s)
    --- PASS: TestBlob_OffloadConfiguration/source-media (0.00s)
    --- PASS: TestBlob_OffloadConfiguration/source-ref (0.00s)
=== RUN   TestBlob_ThresholdConfiguration
--- PASS: TestBlob_ThresholdConfiguration (0.00s)
=== RUN   TestBlob_OffloadPreviewIsolation
--- PASS: TestBlob_OffloadPreviewIsolation (0.00s)
=== RUN   TestBlob_ThresholdPreviewFailures
--- PASS: TestBlob_ThresholdPreviewFailures (0.00s)
=== RUN   TestBlob_Projection
--- PASS: TestBlob_Projection (0.00s)
=== RUN   TestBlob_ProjectionFailures
=== RUN   TestBlob_ProjectionFailures/overflow
=== RUN   TestBlob_ProjectionFailures/invalid-budget
=== RUN   TestBlob_ProjectionFailures/decoder-error
=== RUN   TestBlob_ProjectionFailures/decoder-cancel
=== RUN   TestBlob_ProjectionFailures/get-error
=== RUN   TestBlob_ProjectionFailures/duplicate-id
=== RUN   TestBlob_ProjectionFailures/unknown-cost
=== RUN   TestBlob_ProjectionFailures/missing-decoder
--- PASS: TestBlob_ProjectionFailures (0.01s)
    --- PASS: TestBlob_ProjectionFailures/overflow (0.01s)
    --- PASS: TestBlob_ProjectionFailures/invalid-budget (0.00s)
    --- PASS: TestBlob_ProjectionFailures/decoder-error (0.00s)
    --- PASS: TestBlob_ProjectionFailures/decoder-cancel (0.00s)
    --- PASS: TestBlob_ProjectionFailures/get-error (0.00s)
    --- PASS: TestBlob_ProjectionFailures/duplicate-id (0.00s)
    --- PASS: TestBlob_ProjectionFailures/unknown-cost (0.00s)
    --- PASS: TestBlob_ProjectionFailures/missing-decoder (0.00s)
=== RUN   TestBlob_ProjectionIsolation
--- PASS: TestBlob_ProjectionIsolation (0.00s)
=== RUN   TestBlob_ProjectionInvalidConfiguration
=== RUN   TestBlob_ProjectionInvalidConfiguration/resolution-id
=== RUN   TestBlob_ProjectionInvalidConfiguration/decoder-identity
=== RUN   TestBlob_ProjectionInvalidConfiguration/reporter-nil
=== RUN   TestBlob_ProjectionInvalidConfiguration/reporter-zero
=== RUN   TestBlob_ProjectionInvalidConfiguration/storage-nil
--- PASS: TestBlob_ProjectionInvalidConfiguration (0.00s)
    --- PASS: TestBlob_ProjectionInvalidConfiguration/resolution-id (0.00s)
    --- PASS: TestBlob_ProjectionInvalidConfiguration/decoder-identity (0.00s)
    --- PASS: TestBlob_ProjectionInvalidConfiguration/reporter-nil (0.00s)
    --- PASS: TestBlob_ProjectionInvalidConfiguration/reporter-zero (0.00s)
    --- PASS: TestBlob_ProjectionInvalidConfiguration/storage-nil (0.00s)
=== RUN   TestBlob_DescriptorIdentity
=== RUN   TestBlob_DescriptorIdentity/revision
=== RUN   TestBlob_DescriptorIdentity/mime
=== RUN   TestBlob_DescriptorIdentity/retention
=== RUN   TestBlob_DescriptorIdentity/source
--- PASS: TestBlob_DescriptorIdentity (0.00s)
    --- PASS: TestBlob_DescriptorIdentity/revision (0.00s)
    --- PASS: TestBlob_DescriptorIdentity/mime (0.00s)
    --- PASS: TestBlob_DescriptorIdentity/retention (0.00s)
    --- PASS: TestBlob_DescriptorIdentity/source (0.00s)
=== RUN   TestBlob_ProjectionCounterFailures
=== RUN   TestBlob_ProjectionCounterFailures/counter-error
=== RUN   TestBlob_ProjectionCounterFailures/counter-cancel
=== RUN   TestBlob_ProjectionCounterFailures/decoder-cancel
--- PASS: TestBlob_ProjectionCounterFailures (0.00s)
    --- PASS: TestBlob_ProjectionCounterFailures/counter-error (0.00s)
    --- PASS: TestBlob_ProjectionCounterFailures/counter-cancel (0.00s)
    --- PASS: TestBlob_ProjectionCounterFailures/decoder-cancel (0.00s)
=== RUN   TestBlob_Storage
--- PASS: TestBlob_Storage (0.00s)
=== RUN   TestBlob_PutFailures
=== RUN   TestBlob_PutFailures/failure
=== RUN   TestBlob_PutFailures/partial-failure
=== RUN   TestBlob_PutFailures/invalid-receipt
=== RUN   TestBlob_PutFailures/canceled-after-put
=== RUN   TestBlob_PutFailures/empty-scope
--- PASS: TestBlob_PutFailures (0.00s)
    --- PASS: TestBlob_PutFailures/failure (0.00s)
    --- PASS: TestBlob_PutFailures/partial-failure (0.00s)
    --- PASS: TestBlob_PutFailures/invalid-receipt (0.00s)
    --- PASS: TestBlob_PutFailures/canceled-after-put (0.00s)
    --- PASS: TestBlob_PutFailures/empty-scope (0.00s)
=== RUN   TestBlob_Failures
=== RUN   TestBlob_Failures/missing
=== RUN   TestBlob_Failures/expired
=== RUN   TestBlob_Failures/denied
=== RUN   TestBlob_Failures/size
=== RUN   TestBlob_Failures/media
=== RUN   TestBlob_Failures/digest
=== RUN   TestBlob_Failures/canceled
--- PASS: TestBlob_Failures (0.00s)
    --- PASS: TestBlob_Failures/missing (0.00s)
    --- PASS: TestBlob_Failures/expired (0.00s)
    --- PASS: TestBlob_Failures/denied (0.00s)
    --- PASS: TestBlob_Failures/size (0.00s)
    --- PASS: TestBlob_Failures/media (0.00s)
    --- PASS: TestBlob_Failures/digest (0.00s)
    --- PASS: TestBlob_Failures/canceled (0.00s)
=== RUN   TestLarge_PayloadMeasurement
    blob_test.go:162: synthetic payload: bytes=458752 approximate_tokens=458752
--- PASS: TestLarge_PayloadMeasurement (0.00s)
=== RUN   TestBlob_PreflightLimits
=== RUN   TestBlob_PreflightLimits/byte-limit
=== RUN   TestBlob_PreflightLimits/media-limit
=== RUN   TestBlob_PreflightLimits/negative-limit
--- PASS: TestBlob_PreflightLimits (0.00s)
    --- PASS: TestBlob_PreflightLimits/byte-limit (0.00s)
    --- PASS: TestBlob_PreflightLimits/media-limit (0.00s)
    --- PASS: TestBlob_PreflightLimits/negative-limit (0.00s)
=== RUN   TestBlob_DescriptorCodec
--- PASS: TestBlob_DescriptorCodec (0.00s)
=== RUN   TestBlob_NilPort
--- PASS: TestBlob_NilPort (0.00s)
=== RUN   TestAcceptance_Truncation_Atomicity
--- PASS: TestAcceptance_Truncation_Atomicity (0.00s)
=== RUN   TestAcceptance_Budget_PreflightReservesPendingAndSystem
--- PASS: TestAcceptance_Budget_PreflightReservesPendingAndSystem (0.00s)
=== RUN   TestAcceptance_BudgetSummary_IdentityIgnoresObserverState
=== PAUSE TestAcceptance_BudgetSummary_IdentityIgnoresObserverState
=== RUN   TestAcceptance_BudgetRetention
=== RUN   TestAcceptance_BudgetRetention/protected_overflow
=== RUN   TestAcceptance_BudgetRetention/protected_result_protects_round
--- PASS: TestAcceptance_BudgetRetention (0.00s)
    --- PASS: TestAcceptance_BudgetRetention/protected_overflow (0.00s)
    --- PASS: TestAcceptance_BudgetRetention/protected_result_protects_round (0.00s)
=== RUN   TestAcceptance_BudgetSummaryCapacity
=== RUN   TestAcceptance_BudgetSummaryCapacity/1
=== RUN   TestAcceptance_BudgetSummaryCapacity/2
--- PASS: TestAcceptance_BudgetSummaryCapacity (0.00s)
    --- PASS: TestAcceptance_BudgetSummaryCapacity/1 (0.00s)
    --- PASS: TestAcceptance_BudgetSummaryCapacity/2 (0.00s)
=== RUN   TestAcceptance_BudgetSoftTarget
--- PASS: TestAcceptance_BudgetSoftTarget (0.00s)
=== RUN   TestAcceptance_BudgetRequiredContent
=== RUN   TestAcceptance_BudgetRequiredContent/eviction
=== RUN   TestAcceptance_BudgetRequiredContent/summary
--- PASS: TestAcceptance_BudgetRequiredContent (0.00s)
    --- PASS: TestAcceptance_BudgetRequiredContent/eviction (0.00s)
    --- PASS: TestAcceptance_BudgetRequiredContent/summary (0.00s)
=== RUN   TestAcceptance_BudgetRetainedIDCannotBeForged
=== RUN   TestAcceptance_BudgetRetainedIDCannotBeForged/eviction
=== RUN   TestAcceptance_BudgetRetainedIDCannotBeForged/summary
--- PASS: TestAcceptance_BudgetRetainedIDCannotBeForged (0.00s)
    --- PASS: TestAcceptance_BudgetRetainedIDCannotBeForged/eviction (0.00s)
    --- PASS: TestAcceptance_BudgetRetainedIDCannotBeForged/summary (0.00s)
=== RUN   TestAcceptance_BudgetSelectorsAndThresholds
=== RUN   TestAcceptance_BudgetSelectorsAndThresholds/missing_id
=== RUN   TestAcceptance_BudgetSelectorsAndThresholds/invalid_ref
=== RUN   TestAcceptance_BudgetSelectorsAndThresholds/invalid_trigger
=== RUN   TestAcceptance_BudgetSelectorsAndThresholds/target_above_trigger
--- PASS: TestAcceptance_BudgetSelectorsAndThresholds (0.00s)
    --- PASS: TestAcceptance_BudgetSelectorsAndThresholds/missing_id (0.00s)
    --- PASS: TestAcceptance_BudgetSelectorsAndThresholds/invalid_ref (0.00s)
    --- PASS: TestAcceptance_BudgetSelectorsAndThresholds/invalid_trigger (0.00s)
    --- PASS: TestAcceptance_BudgetSelectorsAndThresholds/target_above_trigger (0.00s)
=== RUN   TestAcceptance_BudgetThresholdBoundaryAndZeroTarget
--- PASS: TestAcceptance_BudgetThresholdBoundaryAndZeroTarget (0.00s)
=== RUN   TestAcceptance_BudgetSummaryHardOverflow
--- PASS: TestAcceptance_BudgetSummaryHardOverflow (0.00s)
=== RUN   TestAcceptance_BudgetRetentionReplayIdentity
--- PASS: TestAcceptance_BudgetRetentionReplayIdentity (0.04s)
=== RUN   TestAcceptance_BudgetSummaryReservations
=== RUN   TestAcceptance_BudgetSummaryReservations/turn
=== RUN   TestAcceptance_BudgetSummaryReservations/longer
--- PASS: TestAcceptance_BudgetSummaryReservations (0.01s)
    --- PASS: TestAcceptance_BudgetSummaryReservations/turn (0.00s)
    --- PASS: TestAcceptance_BudgetSummaryReservations/longer (0.00s)
=== RUN   TestAcceptance_BudgetCompactionReplayIdentity
--- PASS: TestAcceptance_BudgetCompactionReplayIdentity (0.05s)
=== RUN   TestAcceptance_BudgetAnonymousOptionalRetention
--- PASS: TestAcceptance_BudgetAnonymousOptionalRetention (0.00s)
=== RUN   TestAcceptance_BudgetRoundRetentionRequiresIdentity
--- PASS: TestAcceptance_BudgetRoundRetentionRequiresIdentity (0.00s)
=== RUN   TestAcceptance_BudgetZeroSummaryCapacity
--- PASS: TestAcceptance_BudgetZeroSummaryCapacity (0.00s)
=== RUN   TestBudgetPipeline_ObserverCancellation
=== RUN   TestBudgetPipeline_ObserverCancellation/estimate
=== RUN   TestBudgetPipeline_ObserverCancellation/summary
--- PASS: TestBudgetPipeline_ObserverCancellation (0.00s)
    --- PASS: TestBudgetPipeline_ObserverCancellation/estimate (0.00s)
    --- PASS: TestBudgetPipeline_ObserverCancellation/summary (0.00s)
=== RUN   TestBudgetPipeline_EvictionFinalBudget
--- PASS: TestBudgetPipeline_EvictionFinalBudget (0.00s)
=== RUN   TestBudgetPipeline_EvictionCancellation
--- PASS: TestBudgetPipeline_EvictionCancellation (0.00s)
=== RUN   TestBudgetPipeline_EvictionEffectiveLimit
--- PASS: TestBudgetPipeline_EvictionEffectiveLimit (0.00s)
=== RUN   TestBudgetPipeline_EvictionOwnership
--- PASS: TestBudgetPipeline_EvictionOwnership (0.00s)
=== RUN   TestBudgetPipeline_SummaryOwnership
--- PASS: TestBudgetPipeline_SummaryOwnership (0.00s)
=== RUN   TestBudget_PendingRounds
=== RUN   TestBudget_PendingRounds/head
=== RUN   TestBudget_PendingRounds/tail
=== RUN   TestBudget_PendingRounds/block
--- PASS: TestBudget_PendingRounds (0.01s)
    --- PASS: TestBudget_PendingRounds/head (0.00s)
    --- PASS: TestBudget_PendingRounds/tail (0.00s)
    --- PASS: TestBudget_PendingRounds/block (0.00s)
=== RUN   TestBudget_PendingSummarization
--- PASS: TestBudget_PendingSummarization (0.00s)
=== RUN   TestBudget_RoundFailuresBeforeCallbacks
--- PASS: TestBudget_RoundFailuresBeforeCallbacks (0.00s)
=== RUN   TestBudget_PendingCombinedCost
--- PASS: TestBudget_PendingCombinedCost (0.00s)
=== RUN   TestBudget_RoundCompilePersistenceReplay
--- PASS: TestBudget_RoundCompilePersistenceReplay (0.23s)
=== RUN   TestInterrupted_RepairCompileReplay
--- PASS: TestInterrupted_RepairCompileReplay (0.13s)
=== RUN   TestBudget_PendingEstimatorMutation
--- PASS: TestBudget_PendingEstimatorMutation (0.00s)
=== RUN   TestFinal_Budget
--- PASS: TestFinal_Budget (0.00s)
=== RUN   TestTarget_FinalBudget
--- PASS: TestTarget_FinalBudget (0.00s)
=== RUN   TestFinal_BudgetPersistence
--- PASS: TestFinal_BudgetPersistence (0.00s)
=== RUN   TestAcceptance_CheckpointAtomicBatch
--- PASS: TestAcceptance_CheckpointAtomicBatch (0.00s)
=== RUN   TestAcceptance_CheckpointCodecLossless
--- PASS: TestAcceptance_CheckpointCodecLossless (0.00s)
=== RUN   TestAcceptance_CheckpointExactArtifactSet
--- PASS: TestAcceptance_CheckpointExactArtifactSet (0.00s)
=== RUN   TestAcceptance_Provenance_Typed
--- PASS: TestAcceptance_Provenance_Typed (0.00s)
=== RUN   TestAcceptance_Provenance_ThroughCompile
--- PASS: TestAcceptance_Provenance_ThroughCompile (0.00s)
=== RUN   TestAcceptance_Extensions_RoundTrip
--- PASS: TestAcceptance_Extensions_RoundTrip (0.00s)
=== RUN   TestCompaction_DistinctSummarizers
--- PASS: TestCompaction_DistinctSummarizers (0.36s)
=== RUN   TestCompaction_Capture
--- PASS: TestCompaction_Capture (0.23s)
=== RUN   TestCompaction_CapturePrivacy
--- PASS: TestCompaction_CapturePrivacy (0.20s)
=== RUN   TestManifest_CompactionReplay
--- PASS: TestManifest_CompactionReplay (0.35s)
=== RUN   TestManifest_CompactionInvalidLinks
=== RUN   TestManifest_CompactionInvalidLinks/unknown-channel
=== RUN   TestManifest_CompactionInvalidLinks/unknown-invocation
=== RUN   TestManifest_CompactionInvalidLinks/duplicate
=== RUN   TestManifest_CompactionInvalidLinks/duplicate-invocation
=== RUN   TestManifest_CompactionInvalidLinks/occurrence
=== RUN   TestManifest_CompactionInvalidLinks/missing-all
=== RUN   TestManifest_CompactionInvalidLinks/missing-one
=== RUN   TestManifest_CompactionInvalidLinks/inherited-main-as-target
=== RUN   TestManifest_CompactionInvalidLinks/undeclared-capture
=== RUN   TestManifest_CompactionInvalidLinks/capture-privacy
=== RUN   TestManifest_CompactionInvalidLinks/capture-estimator
=== RUN   TestManifest_CompactionInvalidLinks/capture-encoding
=== RUN   TestManifest_CompactionInvalidLinks/capture-summarizer
--- PASS: TestManifest_CompactionInvalidLinks (3.08s)
    --- PASS: TestManifest_CompactionInvalidLinks/unknown-channel (0.24s)
    --- PASS: TestManifest_CompactionInvalidLinks/unknown-invocation (0.24s)
    --- PASS: TestManifest_CompactionInvalidLinks/duplicate (0.24s)
    --- PASS: TestManifest_CompactionInvalidLinks/duplicate-invocation (0.24s)
    --- PASS: TestManifest_CompactionInvalidLinks/occurrence (0.24s)
    --- PASS: TestManifest_CompactionInvalidLinks/missing-all (0.23s)
    --- PASS: TestManifest_CompactionInvalidLinks/missing-one (0.24s)
    --- PASS: TestManifest_CompactionInvalidLinks/inherited-main-as-target (0.23s)
    --- PASS: TestManifest_CompactionInvalidLinks/undeclared-capture (0.23s)
    --- PASS: TestManifest_CompactionInvalidLinks/capture-privacy (0.23s)
    --- PASS: TestManifest_CompactionInvalidLinks/capture-estimator (0.24s)
    --- PASS: TestManifest_CompactionInvalidLinks/capture-encoding (0.24s)
    --- PASS: TestManifest_CompactionInvalidLinks/capture-summarizer (0.23s)
=== RUN   TestCompaction_CaptureIdleProfile
--- PASS: TestCompaction_CaptureIdleProfile (0.08s)
=== RUN   TestCompaction_CaptureRequiresConfiguration
--- PASS: TestCompaction_CaptureRequiresConfiguration (0.01s)
=== RUN   TestCompaction_CaptureProfileMismatch
=== RUN   TestCompaction_CaptureProfileMismatch/summarizer
=== RUN   TestCompaction_CaptureProfileMismatch/privacy
--- PASS: TestCompaction_CaptureProfileMismatch (0.02s)
    --- PASS: TestCompaction_CaptureProfileMismatch/summarizer (0.01s)
    --- PASS: TestCompaction_CaptureProfileMismatch/privacy (0.01s)
=== RUN   TestCompaction_Records
--- PASS: TestCompaction_Records (0.04s)
=== RUN   TestCompaction_PartialCannotAccept
=== RUN   TestCompaction_PartialCannotAccept/deleted_content
=== RUN   TestCompaction_PartialCannotAccept/missing_estimate
--- PASS: TestCompaction_PartialCannotAccept (0.03s)
    --- PASS: TestCompaction_PartialCannotAccept/deleted_content (0.02s)
    --- PASS: TestCompaction_PartialCannotAccept/missing_estimate (0.00s)
=== RUN   TestCompaction_Validation
=== RUN   TestCompaction_Validation/coverage_hole
=== RUN   TestCompaction_Validation/duplicate_covered_ID
=== RUN   TestCompaction_Validation/summary_ID_reused
=== RUN   TestCompaction_Validation/missing_summary_edge
=== RUN   TestCompaction_Validation/wrong_summarizer
=== RUN   TestCompaction_Validation/codec_changed
=== RUN   TestCompaction_Validation/corrupt_bytes
=== RUN   TestCompaction_Validation/accept_without_decision
--- PASS: TestCompaction_Validation (0.05s)
    --- PASS: TestCompaction_Validation/coverage_hole (0.00s)
    --- PASS: TestCompaction_Validation/duplicate_covered_ID (0.01s)
    --- PASS: TestCompaction_Validation/summary_ID_reused (0.00s)
    --- PASS: TestCompaction_Validation/missing_summary_edge (0.00s)
    --- PASS: TestCompaction_Validation/wrong_summarizer (0.00s)
    --- PASS: TestCompaction_Validation/codec_changed (0.01s)
    --- PASS: TestCompaction_Validation/corrupt_bytes (0.01s)
    --- PASS: TestCompaction_Validation/accept_without_decision (0.01s)
=== RUN   TestCompaction_ReplayFailures
--- PASS: TestCompaction_ReplayFailures (0.03s)
=== RUN   TestCompaction_OverflowAndTransitions
--- PASS: TestCompaction_OverflowAndTransitions (0.04s)
=== RUN   TestAcceptance_Metadata_Isolation
--- PASS: TestAcceptance_Metadata_Isolation (0.00s)
=== RUN   TestAcceptance_Unified_Budgeting
--- PASS: TestAcceptance_Unified_Budgeting (0.00s)
=== RUN   TestAcceptance_Polymorphic_DecodeStrict
--- PASS: TestAcceptance_Polymorphic_DecodeStrict (0.00s)
=== RUN   TestAcceptance_Structural_Sharing
--- PASS: TestAcceptance_Structural_Sharing (0.00s)
=== RUN   TestAcceptance_Compile_Determinism
--- PASS: TestAcceptance_Compile_Determinism (0.00s)
=== RUN   TestAcceptance_CompileResult_ImmutableContract
--- PASS: TestAcceptance_CompileResult_ImmutableContract (0.00s)
=== RUN   TestAcceptance_Segment_FormatterInjectedByHost
--- PASS: TestAcceptance_Segment_FormatterInjectedByHost (0.00s)
=== RUN   TestAcceptance_Pending_NeverEvicted
--- PASS: TestAcceptance_Pending_NeverEvicted (0.00s)
=== RUN   TestAcceptance_Pending_ExceedsBudget
--- PASS: TestAcceptance_Pending_ExceedsBudget (0.00s)
=== RUN   TestAcceptance_Formatter_AffectsTokenBudget
--- PASS: TestAcceptance_Formatter_AffectsTokenBudget (0.00s)
=== RUN   TestAcceptance_Formatter_SameIDRecordsFormatted
--- PASS: TestAcceptance_Formatter_SameIDRecordsFormatted (0.00s)
=== RUN   TestAcceptance_Compile_SnapshotSelfContained
--- PASS: TestAcceptance_Compile_SnapshotSelfContained (0.00s)
=== RUN   TestAcceptance_Pending_HistoryIDCollision
--- PASS: TestAcceptance_Pending_HistoryIDCollision (0.00s)
=== RUN   TestAcceptance_Duplicate_MessageIDWithinHistory
--- PASS: TestAcceptance_Duplicate_MessageIDWithinHistory (0.00s)
=== RUN   TestAcceptance_Strict_SystemExceedsBudget
--- PASS: TestAcceptance_Strict_SystemExceedsBudget (0.00s)
=== RUN   TestAcceptance_Formatter_ReplacedByFormatter
--- PASS: TestAcceptance_Formatter_ReplacedByFormatter (0.00s)
=== RUN   TestAcceptance_Summarize_TransformationByMessageID
--- PASS: TestAcceptance_Summarize_TransformationByMessageID (0.00s)
=== RUN   TestAcceptance_Merge_PolicyReplaceByOrigin
=== PAUSE TestAcceptance_Merge_PolicyReplaceByOrigin
=== RUN   TestAcceptance_Merge_PolicyDeduplicateByLayer
=== PAUSE TestAcceptance_Merge_PolicyDeduplicateByLayer
=== RUN   TestAcceptance_Merge_PolicyAppendDefault
=== PAUSE TestAcceptance_Merge_PolicyAppendDefault
=== RUN   TestAcceptance_MergePolicyReplaceByOrigin_PersistenceProjection
=== PAUSE TestAcceptance_MergePolicyReplaceByOrigin_PersistenceProjection
=== RUN   TestAcceptance_MergePolicyDeduplicateByLayer_PersistenceProjection
=== PAUSE TestAcceptance_MergePolicyDeduplicateByLayer_PersistenceProjection
=== RUN   TestAcceptance_IntroducedBaseline_DeferredAndHook
=== PAUSE TestAcceptance_IntroducedBaseline_DeferredAndHook
=== RUN   TestAcceptance_MergePolicyReplaceByOrigin_SkipsMessagesWithoutOrigin
=== PAUSE TestAcceptance_MergePolicyReplaceByOrigin_SkipsMessagesWithoutOrigin
=== RUN   TestAcceptance_Recorder_StructuralFormattedNotOverwrittenByPassed
=== PAUSE TestAcceptance_Recorder_StructuralFormattedNotOverwrittenByPassed
=== RUN   TestAcceptance_Introduced_BaselineBeforeHooksAndPatches
=== PAUSE TestAcceptance_Introduced_BaselineBeforeHooksAndPatches
=== RUN   TestAcceptance_Message_CodecRoundTripsTypedExtensions
=== PAUSE TestAcceptance_Message_CodecRoundTripsTypedExtensions
=== RUN   TestAcceptance_Actor_ProjectionAndSourceRefsRoundTrip
=== PAUSE TestAcceptance_Actor_ProjectionAndSourceRefsRoundTrip
=== RUN   TestAcceptance_Context_AwareFormatterReceivesContextAndPropagatesError
=== PAUSE TestAcceptance_Context_AwareFormatterReceivesContextAndPropagatesError
=== RUN   TestAcceptance_Context_ArtifactsLifecycleAndBudgetPreflight
=== PAUSE TestAcceptance_Context_ArtifactsLifecycleAndBudgetPreflight
=== RUN   TestAcceptance_Context_ArtifactPersistenceAndMergePolicies
=== PAUSE TestAcceptance_Context_ArtifactPersistenceAndMergePolicies
=== RUN   TestAcceptance_CurrentTurn_PromptProjectionAndPersistence
=== PAUSE TestAcceptance_CurrentTurn_PromptProjectionAndPersistence
=== RUN   TestAcceptance_CurrentTurn_CanPersistPromptSafeText
=== PAUSE TestAcceptance_CurrentTurn_CanPersistPromptSafeText
=== RUN   TestAcceptance_CurrentTurn_CanSkipPersistenceAndRejectInvalidPolicy
=== PAUSE TestAcceptance_CurrentTurn_CanSkipPersistenceAndRejectInvalidPolicy
=== RUN   TestAcceptance_DurableIdentity_PolicyAndWritebackIntent
=== PAUSE TestAcceptance_DurableIdentity_PolicyAndWritebackIntent
=== RUN   TestAcceptance_Public_NormalizeFailsClosedAndReturnsWritebacks
=== PAUSE TestAcceptance_Public_NormalizeFailsClosedAndReturnsWritebacks
=== RUN   TestAcceptance_DurableIdentity_PendingWritebackKeepsHistoryOffset
=== PAUSE TestAcceptance_DurableIdentity_PendingWritebackKeepsHistoryOffset
=== RUN   TestAcceptance_Hook_IntroducedIDsRespectDurableIdentity
=== PAUSE TestAcceptance_Hook_IntroducedIDsRespectDurableIdentity
=== RUN   TestAcceptance_Typed_ArtifactCodecRoundTrip
=== PAUSE TestAcceptance_Typed_ArtifactCodecRoundTrip
=== RUN   TestAcceptance_Typed_ArtifactReplaceByOriginUsesSourceMetadata
=== PAUSE TestAcceptance_Typed_ArtifactReplaceByOriginUsesSourceMetadata
=== RUN   TestAcceptance_Compile_MergesStoreAndRequestArtifactsBeforeValidation
=== PAUSE TestAcceptance_Compile_MergesStoreAndRequestArtifactsBeforeValidation
=== RUN   TestAcceptance_Multi_TargetCompileOutput
=== PAUSE TestAcceptance_Multi_TargetCompileOutput
=== RUN   TestAcceptance_Projection_InputSnapshotUsesPreparedState
=== PAUSE TestAcceptance_Projection_InputSnapshotUsesPreparedState
=== RUN   TestAcceptance_Target_TraceabilityAndIdentityPolicy
=== PAUSE TestAcceptance_Target_TraceabilityAndIdentityPolicy
=== RUN   TestAcceptance_Target_BudgetSummaryTraceability
=== PAUSE TestAcceptance_Target_BudgetSummaryTraceability
=== RUN   TestAcceptance_Target_GeneratedIDsFailClosedWithoutPolicy
=== PAUSE TestAcceptance_Target_GeneratedIDsFailClosedWithoutPolicy
=== RUN   TestAcceptance_Target_FormatterDuplicateIDsFailClosed
=== PAUSE TestAcceptance_Target_FormatterDuplicateIDsFailClosed
=== RUN   TestAcceptance_CompileTarget_Validation
=== PAUSE TestAcceptance_CompileTarget_Validation
=== RUN   TestCompile_Configuration
=== RUN   TestCompile_Configuration/options
=== RUN   TestCompile_Configuration/segment
=== RUN   TestCompile_Configuration/policy
=== RUN   TestCompile_Configuration/name
--- PASS: TestCompile_Configuration (0.14s)
    --- PASS: TestCompile_Configuration/options (0.01s)
    --- PASS: TestCompile_Configuration/segment (0.01s)
    --- PASS: TestCompile_Configuration/policy (0.01s)
    --- PASS: TestCompile_Configuration/name (0.01s)
=== RUN   TestDeferred_ConfigurationFailures
=== RUN   TestDeferred_ConfigurationFailures/segment
=== RUN   TestDeferred_ConfigurationFailures/policy
--- PASS: TestDeferred_ConfigurationFailures (0.00s)
    --- PASS: TestDeferred_ConfigurationFailures/segment (0.00s)
    --- PASS: TestDeferred_ConfigurationFailures/policy (0.00s)
=== RUN   TestCompile_EstimateReport
--- PASS: TestCompile_EstimateReport (0.27s)
=== RUN   TestCompile_EstimateFailures
--- PASS: TestCompile_EstimateFailures (0.01s)
=== RUN   TestCompile_CallbackCancellationDominance
=== RUN   TestCompile_CallbackCancellationDominance/mapping
=== RUN   TestCompile_CallbackCancellationDominance/privacy
--- PASS: TestCompile_CallbackCancellationDominance (0.00s)
    --- PASS: TestCompile_CallbackCancellationDominance/mapping (0.00s)
    --- PASS: TestCompile_CallbackCancellationDominance/privacy (0.00s)
=== RUN   TestStatelessCompile
--- PASS: TestStatelessCompile (0.00s)
=== RUN   TestStatelessCompile_RedactionAndBudget
--- PASS: TestStatelessCompile_RedactionAndBudget (0.00s)
=== RUN   TestStatelessCompile_ObserverTelemetry
--- PASS: TestStatelessCompile_ObserverTelemetry (0.00s)
=== RUN   TestStatelessCompile_DeferredBlocks
--- PASS: TestStatelessCompile_DeferredBlocks (0.00s)
=== RUN   TestStatelessCompile_IgnoresStoreAndConversationID
--- PASS: TestStatelessCompile_IgnoresStoreAndConversationID (0.00s)
=== RUN   TestStatelessCompile_ContextPropagation
--- PASS: TestStatelessCompile_ContextPropagation (0.00s)
=== RUN   TestAcceptance_IndependentPreparedOutputs
=== PAUSE TestAcceptance_IndependentPreparedOutputs
=== RUN   TestBudget_CounterCancellation
--- PASS: TestBudget_CounterCancellation (0.00s)
=== RUN   TestReporter_CounterCancellation
=== RUN   TestReporter_CounterCancellation/false
=== RUN   TestReporter_CounterCancellation/true
--- PASS: TestReporter_CounterCancellation (0.00s)
    --- PASS: TestReporter_CounterCancellation/false (0.00s)
    --- PASS: TestReporter_CounterCancellation/true (0.00s)
=== RUN   TestDrop_TailCounterCancellation
=== RUN   TestDrop_TailCounterCancellation/false
=== RUN   TestDrop_TailCounterCancellation/true
--- PASS: TestDrop_TailCounterCancellation (0.00s)
    --- PASS: TestDrop_TailCounterCancellation/false (0.00s)
    --- PASS: TestDrop_TailCounterCancellation/true (0.00s)
=== RUN   TestManifest_Coverage
--- PASS: TestManifest_Coverage (0.14s)
=== RUN   TestCoverage_Materialization
--- PASS: TestCoverage_Materialization (0.04s)
=== RUN   TestCoverage_Summary
--- PASS: TestCoverage_Summary (0.06s)
=== RUN   TestAcceptance_Deferred_NotPersisted
--- PASS: TestAcceptance_Deferred_NotPersisted (0.00s)
=== RUN   TestAcceptance_Deferred_RedactionThroughCompile
--- PASS: TestAcceptance_Deferred_RedactionThroughCompile (0.00s)
=== RUN   TestAcceptance_Deferred_DuplicateMessageID
--- PASS: TestAcceptance_Deferred_DuplicateMessageID (0.00s)
=== RUN   TestDeferred_ResultCancellation
--- PASS: TestDeferred_ResultCancellation (0.00s)
=== RUN   TestDeferred_ResultIsolation
--- PASS: TestDeferred_ResultIsolation (0.00s)
=== RUN   TestEstimate_Extensions
=== RUN   TestEstimate_Extensions/strict
=== RUN   TestEstimate_Extensions/fallback
=== RUN   TestEstimate_Extensions/metadata
=== RUN   TestEstimate_Extensions/content
--- PASS: TestEstimate_Extensions (0.02s)
    --- PASS: TestEstimate_Extensions/strict (0.00s)
    --- PASS: TestEstimate_Extensions/fallback (0.01s)
    --- PASS: TestEstimate_Extensions/metadata (0.01s)
    --- PASS: TestEstimate_Extensions/content (0.01s)
=== RUN   TestEstimate_ExtensionFailures
--- PASS: TestEstimate_ExtensionFailures (0.00s)
=== RUN   TestCompile_ExtensionEstimate
--- PASS: TestCompile_ExtensionEstimate (0.01s)
=== RUN   TestUnclassified_ExtensionCannotClaimKnownCost
--- PASS: TestUnclassified_ExtensionCannotClaimKnownCost (0.00s)
=== RUN   TestEstimate_Codec
--- PASS: TestEstimate_Codec (0.03s)
=== RUN   TestEstimate_Identity
--- PASS: TestEstimate_Identity (0.07s)
=== RUN   TestEstimate_FallbackEvidence
--- PASS: TestEstimate_FallbackEvidence (0.01s)
=== RUN   TestEstimate_Report
--- PASS: TestEstimate_Report (0.02s)
=== RUN   TestEstimate_Coverage
--- PASS: TestEstimate_Coverage (0.00s)
=== RUN   TestEstimate_Failures
--- PASS: TestEstimate_Failures (0.00s)
=== RUN   TestEstimate_MediaIdentity
--- PASS: TestEstimate_MediaIdentity (0.00s)
=== RUN   TestEstimate_WholeRequest
--- PASS: TestEstimate_WholeRequest (0.00s)
=== RUN   TestEstimate_CallbackWeights
--- PASS: TestEstimate_CallbackWeights (0.00s)
=== RUN   TestAcceptance_Estimator_ErrorPropagation
--- PASS: TestAcceptance_Estimator_ErrorPropagation (0.00s)
=== RUN   TestEstimator_Configuration
=== RUN   TestEstimator_Configuration/integer
=== RUN   TestEstimator_Configuration/reporter
--- PASS: TestEstimator_Configuration (0.14s)
    --- PASS: TestEstimator_Configuration/integer (0.05s)
    --- PASS: TestEstimator_Configuration/reporter (0.09s)
=== RUN   TestCharacter_EstimatorIdentity
--- PASS: TestCharacter_EstimatorIdentity (0.03s)
=== RUN   TestEstimator_HostBinding
=== RUN   TestEstimator_HostBinding/missing
=== RUN   TestEstimator_HostBinding/reserved
=== RUN   TestEstimator_HostBinding/explicit
=== RUN   TestEstimator_HostBinding/tool-missing
=== RUN   TestEstimator_HostBinding/tool-explicit
--- PASS: TestEstimator_HostBinding (0.03s)
    --- PASS: TestEstimator_HostBinding/missing (0.00s)
    --- PASS: TestEstimator_HostBinding/reserved (0.00s)
    --- PASS: TestEstimator_HostBinding/explicit (0.02s)
    --- PASS: TestEstimator_HostBinding/tool-missing (0.00s)
    --- PASS: TestEstimator_HostBinding/tool-explicit (0.02s)
=== RUN   TestFinal_EstimatorOwnership
=== RUN   TestFinal_EstimatorOwnership/false
=== RUN   TestFinal_EstimatorOwnership/true
--- PASS: TestFinal_EstimatorOwnership (0.00s)
    --- PASS: TestFinal_EstimatorOwnership/false (0.00s)
    --- PASS: TestFinal_EstimatorOwnership/true (0.00s)
=== RUN   TestInitial_EstimatorOwnership
--- PASS: TestInitial_EstimatorOwnership (0.00s)
=== RUN   TestObserver_EstimatorOwnership
--- PASS: TestObserver_EstimatorOwnership (0.00s)
=== RUN   TestExport_CanonicalPayloadOptInAfterPromptProjection
--- PASS: TestExport_CanonicalPayloadOptInAfterPromptProjection (0.01s)
=== RUN   TestExport_RejectsUnapprovedArtifactRevisionAtomically
--- PASS: TestExport_RejectsUnapprovedArtifactRevisionAtomically (0.00s)
=== RUN   TestExport_PrivateEnvelope
--- PASS: TestExport_PrivateEnvelope (0.01s)
=== RUN   TestExport_SameIDDoesNotApproveRawRevision
--- PASS: TestExport_SameIDDoesNotApproveRawRevision (0.00s)
=== RUN   TestExport_UnorderedGraph
--- PASS: TestExport_UnorderedGraph (0.00s)
=== RUN   TestExport_SelectionErrors
--- PASS: TestExport_SelectionErrors (0.00s)
=== RUN   TestExport_RejectsForeignArtifact
--- PASS: TestExport_RejectsForeignArtifact (0.00s)
=== RUN   TestFinal_EstimatorCancellation
=== RUN   TestFinal_EstimatorCancellation/target=false/hostError=false
=== RUN   TestFinal_EstimatorCancellation/target=false/hostError=true
=== RUN   TestFinal_EstimatorCancellation/target=true/hostError=false
=== RUN   TestFinal_EstimatorCancellation/target=true/hostError=true
--- PASS: TestFinal_EstimatorCancellation (0.00s)
    --- PASS: TestFinal_EstimatorCancellation/target=false/hostError=false (0.00s)
    --- PASS: TestFinal_EstimatorCancellation/target=false/hostError=true (0.00s)
    --- PASS: TestFinal_EstimatorCancellation/target=true/hostError=false (0.00s)
    --- PASS: TestFinal_EstimatorCancellation/target=true/hostError=true (0.00s)
=== RUN   TestHistoricalArguments_MultipleCalls
--- PASS: TestHistoricalArguments_MultipleCalls (0.06s)
=== RUN   TestHistoricalArguments_CompilePersistenceReplay
--- PASS: TestHistoricalArguments_CompilePersistenceReplay (0.36s)
=== RUN   TestHistoricalArguments_CompilePreflight
=== RUN   TestHistoricalArguments_CompilePreflight/pending
=== RUN   TestHistoricalArguments_CompilePreflight/changed-arguments
=== RUN   TestHistoricalArguments_CompilePreflight/changed-approval
=== RUN   TestHistoricalArguments_CompilePreflight/preview
=== RUN   TestHistoricalArguments_CompilePreflight/source
=== RUN   TestHistoricalArguments_CompilePreflight/edge
=== RUN   TestHistoricalArguments_CompilePreflight/duplicate
=== RUN   TestHistoricalArguments_CompilePreflight/missing-reference
=== RUN   TestHistoricalArguments_CompilePreflight/already-projected
--- PASS: TestHistoricalArguments_CompilePreflight (0.12s)
    --- PASS: TestHistoricalArguments_CompilePreflight/pending (0.01s)
    --- PASS: TestHistoricalArguments_CompilePreflight/changed-arguments (0.01s)
    --- PASS: TestHistoricalArguments_CompilePreflight/changed-approval (0.01s)
    --- PASS: TestHistoricalArguments_CompilePreflight/preview (0.02s)
    --- PASS: TestHistoricalArguments_CompilePreflight/source (0.02s)
    --- PASS: TestHistoricalArguments_CompilePreflight/edge (0.02s)
    --- PASS: TestHistoricalArguments_CompilePreflight/duplicate (0.02s)
    --- PASS: TestHistoricalArguments_CompilePreflight/missing-reference (0.01s)
    --- PASS: TestHistoricalArguments_CompilePreflight/already-projected (0.01s)
=== RUN   TestHistoricalArgument_Projection
--- PASS: TestHistoricalArgument_Projection (0.01s)
=== RUN   TestHistoricalArgument_TargetFailures
=== RUN   TestHistoricalArgument_TargetFailures/pending
=== RUN   TestHistoricalArgument_TargetFailures/missing-message
=== RUN   TestHistoricalArgument_TargetFailures/missing-call
=== RUN   TestHistoricalArgument_TargetFailures/empty-id
=== RUN   TestHistoricalArgument_TargetFailures/malformed-round
=== RUN   TestHistoricalArgument_TargetFailures/missing-codec
--- PASS: TestHistoricalArgument_TargetFailures (0.00s)
    --- PASS: TestHistoricalArgument_TargetFailures/pending (0.00s)
    --- PASS: TestHistoricalArgument_TargetFailures/missing-message (0.00s)
    --- PASS: TestHistoricalArgument_TargetFailures/missing-call (0.00s)
    --- PASS: TestHistoricalArgument_TargetFailures/empty-id (0.00s)
    --- PASS: TestHistoricalArgument_TargetFailures/malformed-round (0.00s)
    --- PASS: TestHistoricalArgument_TargetFailures/missing-codec (0.00s)
=== RUN   TestHistoricalArgument_StorageFailures
=== RUN   TestHistoricalArgument_StorageFailures/inline
=== RUN   TestHistoricalArgument_StorageFailures/reject
=== RUN   TestHistoricalArgument_StorageFailures/partial-put
=== RUN   TestHistoricalArgument_StorageFailures/cancel-put
=== RUN   TestHistoricalArgument_StorageFailures/invalid-receipt
--- PASS: TestHistoricalArgument_StorageFailures (0.04s)
    --- PASS: TestHistoricalArgument_StorageFailures/inline (0.01s)
    --- PASS: TestHistoricalArgument_StorageFailures/reject (0.01s)
    --- PASS: TestHistoricalArgument_StorageFailures/partial-put (0.01s)
    --- PASS: TestHistoricalArgument_StorageFailures/cancel-put (0.01s)
    --- PASS: TestHistoricalArgument_StorageFailures/invalid-receipt (0.01s)
=== RUN   TestHistoricalArgument_CodecCancellation
--- PASS: TestHistoricalArgument_CodecCancellation (0.00s)
=== RUN   TestContract_Immutability
=== RUN   TestContract_Immutability/request
=== RUN   TestContract_Immutability/main
=== RUN   TestContract_Immutability/source
=== RUN   TestContract_Immutability/first
=== RUN   TestContract_Immutability/artifacts
=== RUN   TestContract_Immutability/manifest
=== RUN   TestContract_Immutability/record
=== RUN   TestContract_Immutability/accepted
=== RUN   TestContract_Immutability/snapshot
--- PASS: TestContract_Immutability (1.62s)
    --- PASS: TestContract_Immutability/request (0.18s)
    --- PASS: TestContract_Immutability/main (0.18s)
    --- PASS: TestContract_Immutability/source (0.18s)
    --- PASS: TestContract_Immutability/first (0.18s)
    --- PASS: TestContract_Immutability/artifacts (0.18s)
    --- PASS: TestContract_Immutability/manifest (0.18s)
    --- PASS: TestContract_Immutability/record (0.18s)
    --- PASS: TestContract_Immutability/accepted (0.18s)
    --- PASS: TestContract_Immutability/snapshot (0.18s)
=== RUN   TestLabel_RequiredTypesSnapshot
--- PASS: TestLabel_RequiredTypesSnapshot (0.00s)
=== RUN   TestLabel_RoleProjection
=== RUN   TestLabel_RoleProjection/preserve
=== RUN   TestLabel_RoleProjection/upgrade
=== RUN   TestLabel_RoleProjection/missing-decision
=== RUN   TestLabel_RoleProjection/conflict
--- PASS: TestLabel_RoleProjection (0.01s)
    --- PASS: TestLabel_RoleProjection/preserve (0.00s)
    --- PASS: TestLabel_RoleProjection/upgrade (0.00s)
    --- PASS: TestLabel_RoleProjection/missing-decision (0.00s)
    --- PASS: TestLabel_RoleProjection/conflict (0.00s)
=== RUN   TestLabel_WhitespaceUpgrade
--- PASS: TestLabel_WhitespaceUpgrade (0.00s)
=== RUN   TestLabel_MissingPolicy
=== RUN   TestLabel_MissingPolicy/input-label
=== RUN   TestLabel_MissingPolicy/output-label
=== RUN   TestLabel_MissingPolicy/required
=== RUN   TestLabel_MissingPolicy/unlabeled
--- PASS: TestLabel_MissingPolicy (0.00s)
    --- PASS: TestLabel_MissingPolicy/input-label (0.00s)
    --- PASS: TestLabel_MissingPolicy/output-label (0.00s)
    --- PASS: TestLabel_MissingPolicy/required (0.00s)
    --- PASS: TestLabel_MissingPolicy/unlabeled (0.00s)
=== RUN   TestLabel_LossyCodec
--- PASS: TestLabel_LossyCodec (0.00s)
=== RUN   TestLabel_DecisionCodec
=== RUN   TestLabel_DecisionCodec/lossy
=== RUN   TestLabel_DecisionCodec/canonical
--- PASS: TestLabel_DecisionCodec (0.00s)
    --- PASS: TestLabel_DecisionCodec/lossy (0.00s)
    --- PASS: TestLabel_DecisionCodec/canonical (0.00s)
=== RUN   TestLabel_CodecCancellation
=== RUN   TestLabel_CodecCancellation/input
=== RUN   TestLabel_CodecCancellation/decision
--- PASS: TestLabel_CodecCancellation (0.00s)
    --- PASS: TestLabel_CodecCancellation/input (0.00s)
    --- PASS: TestLabel_CodecCancellation/decision (0.00s)
=== RUN   TestLabel_CancellationDominance
--- PASS: TestLabel_CancellationDominance (0.00s)
=== RUN   TestCanonical_Content
--- PASS: TestCanonical_Content (0.00s)
=== RUN   TestLineage_Validation
--- PASS: TestLineage_Validation (0.00s)
=== RUN   TestLabel_Policy
--- PASS: TestLabel_Policy (0.00s)
=== RUN   TestLineage_RenderedOutput
--- PASS: TestLineage_RenderedOutput (0.01s)
=== RUN   TestManifest_RoundTrip
--- PASS: TestManifest_RoundTrip (0.04s)
=== RUN   TestManifest_IdentityAndPolicies
--- PASS: TestManifest_IdentityAndPolicies (0.06s)
=== RUN   TestManifest_CurrentTurnAndDependencies
--- PASS: TestManifest_CurrentTurnAndDependencies (0.05s)
=== RUN   TestResourceMaterializationAcceptedRepresentation
--- PASS: TestResourceMaterializationAcceptedRepresentation (0.02s)
=== RUN   TestMedia_Codec
--- PASS: TestMedia_Codec (0.00s)
=== RUN   TestMedia_Estimate
--- PASS: TestMedia_Estimate (0.01s)
=== RUN   TestMedia_ArtifactReplay
--- PASS: TestMedia_ArtifactReplay (0.06s)
=== RUN   TestMedia_ViewsAndInvalidArtifact
--- PASS: TestMedia_ViewsAndInvalidArtifact (0.00s)
=== RUN   TestMedia_ArtifactBudget
=== RUN   TestMedia_ArtifactBudget/strict
=== RUN   TestMedia_ArtifactBudget/positive_fallback
--- PASS: TestMedia_ArtifactBudget (0.02s)
    --- PASS: TestMedia_ArtifactBudget/strict (0.00s)
    --- PASS: TestMedia_ArtifactBudget/positive_fallback (0.02s)
=== RUN   TestMessageEqual_Parts
--- PASS: TestMessageEqual_Parts (0.00s)
=== RUN   TestAcceptance_Origin_AndLLMCacheRoundTrip
=== PAUSE TestAcceptance_Origin_AndLLMCacheRoundTrip
=== RUN   TestAcceptance_Message_EqualIncludesOrigin
=== PAUSE TestAcceptance_Message_EqualIncludesOrigin
=== RUN   TestMessage_CloneCopiesOriginAndLLMCache
=== PAUSE TestMessage_CloneCopiesOriginAndLLMCache
=== RUN   TestNamedView_CallbackCancellation
=== RUN   TestNamedView_CallbackCancellation/formatter
=== RUN   TestNamedView_CallbackCancellation/role
--- PASS: TestNamedView_CallbackCancellation (0.00s)
    --- PASS: TestNamedView_CallbackCancellation/formatter (0.00s)
    --- PASS: TestNamedView_CallbackCancellation/role (0.00s)
=== RUN   TestNamedView_RoleOwnership
--- PASS: TestNamedView_RoleOwnership (0.00s)
=== RUN   TestNamedView_FinalBudget
--- PASS: TestNamedView_FinalBudget (0.00s)
=== RUN   TestAcceptance_NamedView_RequiredContent
--- PASS: TestAcceptance_NamedView_RequiredContent (0.00s)
=== RUN   TestAcceptance_NamedView_RequiredOrder
--- PASS: TestAcceptance_NamedView_RequiredOrder (0.00s)
=== RUN   TestAcceptance_NamedView_WithBudget
=== PAUSE TestAcceptance_NamedView_WithBudget
=== RUN   TestAcceptance_NamedView_FormatterInjected
=== PAUSE TestAcceptance_NamedView_FormatterInjected
=== RUN   TestAcceptance_NamedView_FormatterReceivesContextAndCanFail
=== PAUSE TestAcceptance_NamedView_FormatterReceivesContextAndCanFail
=== RUN   TestAcceptance_Observer_EvictionTelemetry
--- PASS: TestAcceptance_Observer_EvictionTelemetry (0.00s)
=== RUN   TestAcceptance_Observer_CompileTelemetry
--- PASS: TestAcceptance_Observer_CompileTelemetry (0.00s)
=== RUN   TestAcceptance_Observer_DoesNotBreakCompile
--- PASS: TestAcceptance_Observer_DoesNotBreakCompile (0.00s)
=== RUN   TestObserver_MessageNodeIDDeterminism
--- PASS: TestObserver_MessageNodeIDDeterminism (0.00s)
=== RUN   TestObserver_DropHeadEmitsEvictions
--- PASS: TestObserver_DropHeadEmitsEvictions (0.00s)
=== RUN   TestObserver_ToolTurnAtomicEviction
--- PASS: TestObserver_ToolTurnAtomicEviction (0.00s)
=== RUN   TestObserver_BudgetPipelineSummarizeAndTokens
--- PASS: TestObserver_BudgetPipelineSummarizeAndTokens (0.00s)
=== RUN   TestObserver_ContextPropagation
--- PASS: TestObserver_ContextPropagation (0.00s)
=== RUN   TestObserver_CompilePipelineEvent
--- PASS: TestObserver_CompilePipelineEvent (0.00s)
=== RUN   TestObserver_OrphanStrategyFails
--- PASS: TestObserver_OrphanStrategyFails (0.00s)
=== RUN   TestObserver_DirectBudgetPipelineApply
--- PASS: TestObserver_DirectBudgetPipelineApply (0.00s)
=== RUN   TestObserver_CompilePassiveOnTelemetryEstimateFailure
--- PASS: TestObserver_CompilePassiveOnTelemetryEstimateFailure (0.00s)
=== RUN   TestObserver_CompileAndBudgetObserverPriority
--- PASS: TestObserver_CompileAndBudgetObserverPriority (0.00s)
=== RUN   TestObserver_EngineOnlyObserverGetsCompileEventOnly
--- PASS: TestObserver_EngineOnlyObserverGetsCompileEventOnly (0.00s)
=== RUN   TestObserver_SharedAdapterForEngineAndBudget
--- PASS: TestObserver_SharedAdapterForEngineAndBudget (0.00s)
=== RUN   TestAcceptance_OpaqueDeclaredDependencies
=== RUN   TestAcceptance_OpaqueDeclaredDependencies/unchanged
=== RUN   TestAcceptance_OpaqueDeclaredDependencies/dependent_text_mutation
=== RUN   TestAcceptance_OpaqueDeclaredDependencies/reorder
=== RUN   TestAcceptance_OpaqueDeclaredDependencies/inside_prefix_insertion
=== RUN   TestAcceptance_OpaqueDeclaredDependencies/truncation
=== RUN   TestAcceptance_OpaqueDeclaredDependencies/summary_replacement
=== RUN   TestAcceptance_OpaqueDeclaredDependencies/outside_prefix_mutation
--- PASS: TestAcceptance_OpaqueDeclaredDependencies (0.02s)
    --- PASS: TestAcceptance_OpaqueDeclaredDependencies/unchanged (0.00s)
    --- PASS: TestAcceptance_OpaqueDeclaredDependencies/dependent_text_mutation (0.00s)
    --- PASS: TestAcceptance_OpaqueDeclaredDependencies/reorder (0.00s)
    --- PASS: TestAcceptance_OpaqueDeclaredDependencies/inside_prefix_insertion (0.00s)
    --- PASS: TestAcceptance_OpaqueDeclaredDependencies/truncation (0.00s)
    --- PASS: TestAcceptance_OpaqueDeclaredDependencies/summary_replacement (0.00s)
    --- PASS: TestAcceptance_OpaqueDeclaredDependencies/outside_prefix_mutation (0.00s)
=== RUN   TestAcceptance_OpaqueProfileAndEncodingAreExplicit
--- PASS: TestAcceptance_OpaqueProfileAndEncodingAreExplicit (0.00s)
=== RUN   TestAcceptance_OpaqueOutputPolicyCannotRepairBinding
=== RUN   TestAcceptance_OpaqueOutputPolicyCannotRepairBinding/dependency
=== RUN   TestAcceptance_OpaqueOutputPolicyCannotRepairBinding/payload
=== RUN   TestAcceptance_OpaqueOutputPolicyCannotRepairBinding/rebind
=== RUN   TestAcceptance_OpaqueOutputPolicyCannotRepairBinding/placement
--- PASS: TestAcceptance_OpaqueOutputPolicyCannotRepairBinding (0.09s)
    --- PASS: TestAcceptance_OpaqueOutputPolicyCannotRepairBinding/dependency (0.02s)
    --- PASS: TestAcceptance_OpaqueOutputPolicyCannotRepairBinding/payload (0.02s)
    --- PASS: TestAcceptance_OpaqueOutputPolicyCannotRepairBinding/rebind (0.02s)
    --- PASS: TestAcceptance_OpaqueOutputPolicyCannotRepairBinding/placement (0.02s)
=== RUN   TestAcceptance_OpaqueSelectionRequiresDependenciesOrExplicitDrop
=== RUN   TestAcceptance_OpaqueSelectionRequiresDependenciesOrExplicitDrop/fail
=== RUN   TestAcceptance_OpaqueSelectionRequiresDependenciesOrExplicitDrop/drop
--- PASS: TestAcceptance_OpaqueSelectionRequiresDependenciesOrExplicitDrop (0.05s)
    --- PASS: TestAcceptance_OpaqueSelectionRequiresDependenciesOrExplicitDrop/fail (0.01s)
    --- PASS: TestAcceptance_OpaqueSelectionRequiresDependenciesOrExplicitDrop/drop (0.03s)
=== RUN   TestAcceptance_OpaqueAcceptedReplayPinsEncodingAndPolicy
--- PASS: TestAcceptance_OpaqueAcceptedReplayPinsEncodingAndPolicy (0.19s)
=== RUN   TestAcceptance_OpaquePrefixRejectsStaleWireEvidence
--- PASS: TestAcceptance_OpaquePrefixRejectsStaleWireEvidence (0.04s)
=== RUN   TestAcceptance_OpaqueCompileTransformInvalidation
=== RUN   TestAcceptance_OpaqueCompileTransformInvalidation/dependent_text
=== RUN   TestAcceptance_OpaqueCompileTransformInvalidation/reorder
=== RUN   TestAcceptance_OpaqueCompileTransformInvalidation/insert
=== RUN   TestAcceptance_OpaqueCompileTransformInvalidation/truncate
=== RUN   TestAcceptance_OpaqueCompileTransformInvalidation/summarize
=== RUN   TestAcceptance_OpaqueCompileTransformInvalidation/outside_scope
--- PASS: TestAcceptance_OpaqueCompileTransformInvalidation (0.14s)
    --- PASS: TestAcceptance_OpaqueCompileTransformInvalidation/dependent_text (0.02s)
    --- PASS: TestAcceptance_OpaqueCompileTransformInvalidation/reorder (0.02s)
    --- PASS: TestAcceptance_OpaqueCompileTransformInvalidation/insert (0.03s)
    --- PASS: TestAcceptance_OpaqueCompileTransformInvalidation/truncate (0.02s)
    --- PASS: TestAcceptance_OpaqueCompileTransformInvalidation/summarize (0.03s)
    --- PASS: TestAcceptance_OpaqueCompileTransformInvalidation/outside_scope (0.02s)
=== RUN   TestAcceptance_OpaqueRealSummaryInvalidatesRetainedState
--- PASS: TestAcceptance_OpaqueRealSummaryInvalidatesRetainedState (0.03s)
=== RUN   TestAcceptance_OpaqueDropCascadesDeterministically
--- PASS: TestAcceptance_OpaqueDropCascadesDeterministically (2.61s)
=== RUN   TestAcceptance_OpaqueOutputPolicyCannotReverseStateOrder
=== RUN   TestAcceptance_OpaqueOutputPolicyCannotReverseStateOrder/fail/output_policy
=== RUN   TestAcceptance_OpaqueOutputPolicyCannotReverseStateOrder/fail/formatter
=== RUN   TestAcceptance_OpaqueOutputPolicyCannotReverseStateOrder/drop/output_policy
=== RUN   TestAcceptance_OpaqueOutputPolicyCannotReverseStateOrder/drop/formatter
--- PASS: TestAcceptance_OpaqueOutputPolicyCannotReverseStateOrder (0.17s)
    --- PASS: TestAcceptance_OpaqueOutputPolicyCannotReverseStateOrder/fail/output_policy (0.06s)
    --- PASS: TestAcceptance_OpaqueOutputPolicyCannotReverseStateOrder/fail/formatter (0.03s)
    --- PASS: TestAcceptance_OpaqueOutputPolicyCannotReverseStateOrder/drop/output_policy (0.05s)
    --- PASS: TestAcceptance_OpaqueOutputPolicyCannotReverseStateOrder/drop/formatter (0.04s)
=== RUN   TestOpaqueEstimate_StrictAndExplicitFallback
=== RUN   TestOpaqueEstimate_StrictAndExplicitFallback/strict
=== RUN   TestOpaqueEstimate_StrictAndExplicitFallback/fallback
--- PASS: TestOpaqueEstimate_StrictAndExplicitFallback (0.01s)
    --- PASS: TestOpaqueEstimate_StrictAndExplicitFallback/strict (0.00s)
    --- PASS: TestOpaqueEstimate_StrictAndExplicitFallback/fallback (0.01s)
=== RUN   TestOpaqueEstimate_ExplicitAdapterAndRequiredCodec
--- PASS: TestOpaqueEstimate_ExplicitAdapterAndRequiredCodec (0.00s)
=== RUN   TestOpaqueEstimate_BuiltinsRejectState
--- PASS: TestOpaqueEstimate_BuiltinsRejectState (0.00s)
=== RUN   TestOpaqueExport_DefaultMetadataAllowlistDoesNotDiscloseState
--- PASS: TestOpaqueExport_DefaultMetadataAllowlistDoesNotDiscloseState (0.00s)
=== RUN   TestOpaqueExport_ExplicitCompatibleStateRoundTrips
--- PASS: TestOpaqueExport_ExplicitCompatibleStateRoundTrips (0.01s)
=== RUN   TestOpaqueExport_InvalidSelectionsFailAtomically
--- PASS: TestOpaqueExport_InvalidSelectionsFailAtomically (0.01s)
=== RUN   TestOpaqueExport_MetadataFilteringCannotPreserveStaleBinding
--- PASS: TestOpaqueExport_MetadataFilteringCannotPreserveStaleBinding (0.01s)
=== RUN   TestOpaqueExport_MissingOrLossyHostCodecFailsClosed
--- PASS: TestOpaqueExport_MissingOrLossyHostCodecFailsClosed (0.00s)
=== RUN   TestAcceptance_OpaqueUnmarshalRejectsLossyHostDecoder
--- PASS: TestAcceptance_OpaqueUnmarshalRejectsLossyHostDecoder (0.00s)
=== RUN   TestAcceptance_OpaqueConversationDecodeRejectsLossyHostDecoder
--- PASS: TestAcceptance_OpaqueConversationDecodeRejectsLossyHostDecoder (0.01s)
=== RUN   TestOpaqueCheckpointRoundTripAndAtomicInvalidation
--- PASS: TestOpaqueCheckpointRoundTripAndAtomicInvalidation (0.01s)
=== RUN   TestOpaquePersistenceProjectionChecksRestoredFullScope
--- PASS: TestOpaquePersistenceProjectionChecksRestoredFullScope (0.00s)
=== RUN   TestOpaqueCheckpointIncludesHostDefinedSegments
--- PASS: TestOpaqueCheckpointIncludesHostDefinedSegments (0.00s)
=== RUN   TestAcceptance_OutputBoundaryAllSemanticChannels
--- PASS: TestAcceptance_OutputBoundaryAllSemanticChannels (0.05s)
=== RUN   TestAcceptance_OutputBoundaryPersistenceModes
=== RUN   TestAcceptance_OutputBoundaryPersistenceModes/persist_raw
=== RUN   TestAcceptance_OutputBoundaryPersistenceModes/persist_prompt_safe
=== RUN   TestAcceptance_OutputBoundaryPersistenceModes/skip
--- PASS: TestAcceptance_OutputBoundaryPersistenceModes (0.01s)
    --- PASS: TestAcceptance_OutputBoundaryPersistenceModes/persist_raw (0.00s)
    --- PASS: TestAcceptance_OutputBoundaryPersistenceModes/persist_prompt_safe (0.00s)
    --- PASS: TestAcceptance_OutputBoundaryPersistenceModes/skip (0.00s)
=== RUN   TestAcceptance_OutputBoundaryRequiredRefsAndAcceptedReplay
--- PASS: TestAcceptance_OutputBoundaryRequiredRefsAndAcceptedReplay (0.14s)
=== RUN   TestAcceptance_OutputBoundaryFinalBudgetAndAtomicFailures
=== RUN   TestAcceptance_OutputBoundaryFinalBudgetAndAtomicFailures/inflation
=== RUN   TestAcceptance_OutputBoundaryFinalBudgetAndAtomicFailures/tool_ID
=== RUN   TestAcceptance_OutputBoundaryFinalBudgetAndAtomicFailures/strip_result
=== RUN   TestAcceptance_OutputBoundaryFinalBudgetAndAtomicFailures/invalid_identity
=== RUN   TestAcceptance_OutputBoundaryFinalBudgetAndAtomicFailures/cancel_callback
--- PASS: TestAcceptance_OutputBoundaryFinalBudgetAndAtomicFailures (0.01s)
    --- PASS: TestAcceptance_OutputBoundaryFinalBudgetAndAtomicFailures/inflation (0.00s)
    --- PASS: TestAcceptance_OutputBoundaryFinalBudgetAndAtomicFailures/tool_ID (0.00s)
    --- PASS: TestAcceptance_OutputBoundaryFinalBudgetAndAtomicFailures/strip_result (0.00s)
    --- PASS: TestAcceptance_OutputBoundaryFinalBudgetAndAtomicFailures/invalid_identity (0.00s)
    --- PASS: TestAcceptance_OutputBoundaryFinalBudgetAndAtomicFailures/cancel_callback (0.00s)
=== RUN   TestAcceptance_OutputBoundaryMaterializesChosenRepresentation
--- PASS: TestAcceptance_OutputBoundaryMaterializesChosenRepresentation (0.01s)
=== RUN   TestAcceptance_OutputBoundaryMissingCodecIsAtomic
--- PASS: TestAcceptance_OutputBoundaryMissingCodecIsAtomic (0.00s)
=== RUN   TestAcceptance_PersistenceProjection_DropsTruncatedByDropHead
=== PAUSE TestAcceptance_PersistenceProjection_DropsTruncatedByDropHead
=== RUN   TestAcceptance_PersistenceProjection_KeepsOriginalOnRedaction
=== PAUSE TestAcceptance_PersistenceProjection_KeepsOriginalOnRedaction
=== RUN   TestAcceptance_PersistenceProjection_ExcludesPending
=== PAUSE TestAcceptance_PersistenceProjection_ExcludesPending
=== RUN   TestAcceptance_PersistenceProjection_ReplacedByFormatter
=== PAUSE TestAcceptance_PersistenceProjection_ReplacedByFormatter
=== RUN   TestAcceptance_PersistenceProjection_IncludesSummary
=== PAUSE TestAcceptance_PersistenceProjection_IncludesSummary
=== RUN   TestAcceptance_PersistenceProjection_TextReplacement
=== PAUSE TestAcceptance_PersistenceProjection_TextReplacement
=== RUN   TestAcceptance_PersistenceProjection_MemorySegment
=== PAUSE TestAcceptance_PersistenceProjection_MemorySegment
=== RUN   TestAcceptance_PersistenceProjection_DeferredPlusHook
=== PAUSE TestAcceptance_PersistenceProjection_DeferredPlusHook
=== RUN   TestAcceptance_PersistenceProjection_DeferredPlusPreBudgetPatch
=== PAUSE TestAcceptance_PersistenceProjection_DeferredPlusPreBudgetPatch
=== RUN   TestAcceptance_PersistenceProjection_SummaryPlusTextReplacement
=== PAUSE TestAcceptance_PersistenceProjection_SummaryPlusTextReplacement
=== RUN   TestAcceptance_PersistenceProjection_DropsTruncated
=== PAUSE TestAcceptance_PersistenceProjection_DropsTruncated
=== RUN   TestAcceptance_PersistenceProjection_InPlaceFormatter
=== PAUSE TestAcceptance_PersistenceProjection_InPlaceFormatter
=== RUN   TestAcceptance_PersistenceProjection_ReplacedByHook
=== PAUSE TestAcceptance_PersistenceProjection_ReplacedByHook
=== RUN   TestAcceptance_PersistenceProjection_PreBudgetPatchNonHistory
=== PAUSE TestAcceptance_PersistenceProjection_PreBudgetPatchNonHistory
=== RUN   TestAcceptance_PersistenceProjection_SummarizeReusesTruncatedID
=== PAUSE TestAcceptance_PersistenceProjection_SummarizeReusesTruncatedID
=== RUN   TestAcceptance_PersistenceProjection_OversizedSummaryRejected
=== PAUSE TestAcceptance_PersistenceProjection_OversizedSummaryRejected
=== RUN   TestAcceptance_PersistenceProjection_DeferredPlusInPlaceFormatter
=== PAUSE TestAcceptance_PersistenceProjection_DeferredPlusInPlaceFormatter
=== RUN   TestAcceptance_PersistenceProjection_PartialHookReplaceOrder
=== PAUSE TestAcceptance_PersistenceProjection_PartialHookReplaceOrder
=== RUN   TestAcceptance_PersistenceProjection_ToolsSegment
=== PAUSE TestAcceptance_PersistenceProjection_ToolsSegment
=== RUN   TestAcceptance_PersistenceProjection_DropsBudgetEvicted
=== PAUSE TestAcceptance_PersistenceProjection_DropsBudgetEvicted
=== RUN   TestAcceptance_PersistenceProjection_FormattedWithoutIntroducedOmits
=== PAUSE TestAcceptance_PersistenceProjection_FormattedWithoutIntroducedOmits
=== RUN   TestAcceptance_Conversation_DeltaStateCodecAndStore
=== PAUSE TestAcceptance_Conversation_DeltaStateCodecAndStore
=== RUN   TestPrefix_Constraints
=== RUN   TestPrefix_Constraints/host_freshness_expired
=== RUN   TestPrefix_Constraints/contexty:_block_exceeds_remaining_token_budget
=== RUN   TestPrefix_Constraints/contexty:_prefix_admission_failed
--- PASS: TestPrefix_Constraints (0.01s)
    --- PASS: TestPrefix_Constraints/host_freshness_expired (0.00s)
    --- PASS: TestPrefix_Constraints/contexty:_block_exceeds_remaining_token_budget (0.00s)
    --- PASS: TestPrefix_Constraints/contexty:_prefix_admission_failed (0.01s)
=== RUN   TestPrefix_CodecCancellation
--- PASS: TestPrefix_CodecCancellation (0.00s)
=== RUN   TestPrefix_InputOwnership
--- PASS: TestPrefix_InputOwnership (0.01s)
=== RUN   TestPrefix_PolicyAndManifestCodec
--- PASS: TestPrefix_PolicyAndManifestCodec (0.00s)
=== RUN   TestPrefix_WireFailures
=== RUN   TestPrefix_WireFailures/missing_boundary
=== RUN   TestPrefix_WireFailures/renderer
=== RUN   TestPrefix_WireFailures/noncanonical_digest
=== RUN   TestPrefix_WireFailures/duplicate
=== RUN   TestPrefix_WireFailures/old_invalid_fact
--- PASS: TestPrefix_WireFailures (0.01s)
    --- PASS: TestPrefix_WireFailures/missing_boundary (0.00s)
    --- PASS: TestPrefix_WireFailures/renderer (0.00s)
    --- PASS: TestPrefix_WireFailures/noncanonical_digest (0.00s)
    --- PASS: TestPrefix_WireFailures/duplicate (0.00s)
    --- PASS: TestPrefix_WireFailures/old_invalid_fact (0.00s)
=== RUN   TestPrefix_SummaryReplacement
--- PASS: TestPrefix_SummaryReplacement (0.00s)
=== RUN   TestPrefix_Comparison
--- PASS: TestPrefix_Comparison (0.01s)
=== RUN   TestPrefix_Invalidation
=== RUN   TestPrefix_Invalidation/content
=== RUN   TestPrefix_Invalidation/order
=== RUN   TestPrefix_Invalidation/policy
=== RUN   TestPrefix_Invalidation/codec
=== RUN   TestPrefix_Invalidation/compaction
=== RUN   TestPrefix_Invalidation/offload
--- PASS: TestPrefix_Invalidation (0.03s)
    --- PASS: TestPrefix_Invalidation/content (0.00s)
    --- PASS: TestPrefix_Invalidation/order (0.00s)
    --- PASS: TestPrefix_Invalidation/policy (0.00s)
    --- PASS: TestPrefix_Invalidation/codec (0.00s)
    --- PASS: TestPrefix_Invalidation/compaction (0.00s)
    --- PASS: TestPrefix_Invalidation/offload (0.01s)
=== RUN   TestPrefix_RemovedBoundary
--- PASS: TestPrefix_RemovedBoundary (0.00s)
=== RUN   TestPrefix_RendererMismatch
--- PASS: TestPrefix_RendererMismatch (0.00s)
=== RUN   TestPrefix_WireConfirmation
--- PASS: TestPrefix_WireConfirmation (0.01s)
=== RUN   TestPrefix_Identity
--- PASS: TestPrefix_Identity (0.01s)
=== RUN   TestPrefix_IdentityAdmission
--- PASS: TestPrefix_IdentityAdmission (0.00s)
=== RUN   TestPrefix_IdentityInvalidBoundary
--- PASS: TestPrefix_IdentityInvalidBoundary (0.00s)
=== RUN   TestPrefix_IdentityMetadata
=== RUN   TestPrefix_IdentityMetadata/renderer
=== RUN   TestPrefix_IdentityMetadata/encoding
=== RUN   TestPrefix_IdentityMetadata/policy
=== RUN   TestPrefix_IdentityMetadata/role
=== RUN   TestPrefix_IdentityMetadata/extension
=== RUN   TestPrefix_IdentityMetadata/compaction
=== RUN   TestPrefix_IdentityMetadata/offload
--- PASS: TestPrefix_IdentityMetadata (0.03s)
    --- PASS: TestPrefix_IdentityMetadata/renderer (0.00s)
    --- PASS: TestPrefix_IdentityMetadata/encoding (0.00s)
    --- PASS: TestPrefix_IdentityMetadata/policy (0.00s)
    --- PASS: TestPrefix_IdentityMetadata/role (0.00s)
    --- PASS: TestPrefix_IdentityMetadata/extension (0.00s)
    --- PASS: TestPrefix_IdentityMetadata/compaction (0.01s)
    --- PASS: TestPrefix_IdentityMetadata/offload (0.01s)
=== RUN   TestPrefix_IdentityFreshAuthorization
--- PASS: TestPrefix_IdentityFreshAuthorization (0.01s)
=== RUN   TestPrefix_NativeCompaction
--- PASS: TestPrefix_NativeCompaction (0.16s)
=== RUN   TestPrefix_NativeOffload
--- PASS: TestPrefix_NativeOffload (0.04s)
=== RUN   TestPrefix_TailIdentity
--- PASS: TestPrefix_TailIdentity (0.01s)
=== RUN   TestPrefix_TailAdmission
--- PASS: TestPrefix_TailAdmission (0.00s)
=== RUN   TestPrefix_EmptyTail
--- PASS: TestPrefix_EmptyTail (0.00s)
=== RUN   TestPrefix_TailOwnership
--- PASS: TestPrefix_TailOwnership (0.01s)
=== RUN   TestPrefix_TailCancellation
--- PASS: TestPrefix_TailCancellation (0.00s)
=== RUN   TestRecording_Components
--- PASS: TestRecording_Components (0.73s)
=== RUN   TestRecordingComponent_CanonicalOrder
--- PASS: TestRecordingComponent_CanonicalOrder (0.03s)
=== RUN   TestRecordingComponent_Failures
=== RUN   TestRecordingComponent_Failures/missing
=== RUN   TestRecordingComponent_Failures/wrong_slot
=== RUN   TestRecordingComponent_Failures/extra
=== RUN   TestRecordingComponent_Failures/duplicate
=== RUN   TestRecordingComponent_Failures/invalid_scope
=== RUN   TestRecordingComponent_Failures/unknown_kind
--- PASS: TestRecordingComponent_Failures (0.00s)
    --- PASS: TestRecordingComponent_Failures/missing (0.00s)
    --- PASS: TestRecordingComponent_Failures/wrong_slot (0.00s)
    --- PASS: TestRecordingComponent_Failures/extra (0.00s)
    --- PASS: TestRecordingComponent_Failures/duplicate (0.00s)
    --- PASS: TestRecordingComponent_Failures/invalid_scope (0.00s)
    --- PASS: TestRecordingComponent_Failures/unknown_kind (0.00s)
=== RUN   TestAcceptance_Redaction_ThroughCompile
--- PASS: TestAcceptance_Redaction_ThroughCompile (0.00s)
=== RUN   TestAcceptance_Redaction_RecordsTransformation
--- PASS: TestAcceptance_Redaction_RecordsTransformation (0.00s)
=== RUN   TestRemediation_HostProvenance
--- PASS: TestRemediation_HostProvenance (0.00s)
=== RUN   TestRemediation_ArtifactRemovalIDs
--- PASS: TestRemediation_ArtifactRemovalIDs (0.00s)
=== RUN   TestRemediation_RejectLegacyArtifactRemoval
--- PASS: TestRemediation_RejectLegacyArtifactRemoval (0.00s)
=== RUN   TestRemediation_RejectLegacyIDPresence
=== RUN   TestRemediation_RejectLegacyIDPresence/{"operation":"remove_artifact","message_ids":[]}
=== RUN   TestRemediation_RejectLegacyIDPresence/{"operation":"remove_artifact","message_ids":null}
=== RUN   TestRemediation_RejectLegacyIDPresence/{"operation":"remove_artifact","artifact_ids":["same"],"message_ids":[]}
=== RUN   TestRemediation_RejectLegacyIDPresence/{"operation":"remove_messages","artifact_ids":[]}
=== RUN   TestRemediation_RejectLegacyIDPresence/{"operation":"remove_messages","artifact_ids":null}
=== RUN   TestRemediation_RejectLegacyIDPresence/{"operation":"remove_artifact","message_IDS":null,"artifact_ids":["same"]}
=== RUN   TestRemediation_RejectLegacyIDPresence/{"operation":"remove_messages","Artifact_IDs":null}
--- PASS: TestRemediation_RejectLegacyIDPresence (0.00s)
    --- PASS: TestRemediation_RejectLegacyIDPresence/{"operation":"remove_artifact","message_ids":[]} (0.00s)
    --- PASS: TestRemediation_RejectLegacyIDPresence/{"operation":"remove_artifact","message_ids":null} (0.00s)
    --- PASS: TestRemediation_RejectLegacyIDPresence/{"operation":"remove_artifact","artifact_ids":["same"],"message_ids":[]} (0.00s)
    --- PASS: TestRemediation_RejectLegacyIDPresence/{"operation":"remove_messages","artifact_ids":[]} (0.00s)
    --- PASS: TestRemediation_RejectLegacyIDPresence/{"operation":"remove_messages","artifact_ids":null} (0.00s)
    --- PASS: TestRemediation_RejectLegacyIDPresence/{"operation":"remove_artifact","message_IDS":null,"artifact_ids":["same"]} (0.00s)
    --- PASS: TestRemediation_RejectLegacyIDPresence/{"operation":"remove_messages","Artifact_IDs":null} (0.00s)
=== RUN   TestRemediation_BudgetExplicitEstimator
--- PASS: TestRemediation_BudgetExplicitEstimator (0.00s)
=== RUN   TestRemediation_BudgetArithmetic
--- PASS: TestRemediation_BudgetArithmetic (0.00s)
=== RUN   TestRemediation_BudgetRequestOverhead
--- PASS: TestRemediation_BudgetRequestOverhead (0.03s)
=== RUN   TestRemediation_BudgetMutatingWeights
--- PASS: TestRemediation_BudgetMutatingWeights (0.00s)
=== RUN   TestRemediation_BudgetInvalidWeights
--- PASS: TestRemediation_BudgetInvalidWeights (0.00s)
=== RUN   TestRemediation_BudgetInvalidOptionalConfiguration
--- PASS: TestRemediation_BudgetInvalidOptionalConfiguration (0.00s)
=== RUN   TestRemediation_BudgetNonmonotonicCandidates
--- PASS: TestRemediation_BudgetNonmonotonicCandidates (0.00s)
=== RUN   TestRemediation_BudgetEmptyEstimate
--- PASS: TestRemediation_BudgetEmptyEstimate (0.00s)
=== RUN   TestRemediation_BudgetCandidateFinalEstimate
--- PASS: TestRemediation_BudgetCandidateFinalEstimate (0.00s)
=== RUN   TestRemediation_BudgetAtomicityPolicyParity
--- PASS: TestRemediation_BudgetAtomicityPolicyParity (0.01s)
=== RUN   TestRemediation_BudgetUnsupportedBinary
--- PASS: TestRemediation_BudgetUnsupportedBinary (0.00s)
=== RUN   TestRemediation_EventIdentityAfterTrimAndRetry
--- PASS: TestRemediation_EventIdentityAfterTrimAndRetry (0.01s)
=== RUN   TestRemediation_PendingOrdinalsAndExplicitIdentity
--- PASS: TestRemediation_PendingOrdinalsAndExplicitIdentity (0.00s)
=== RUN   TestRemediation_MissingEventIdentityFails
--- PASS: TestRemediation_MissingEventIdentityFails (0.00s)
=== RUN   TestRemediation_EventIdentityContentRevision
--- PASS: TestRemediation_EventIdentityContentRevision (0.00s)
=== RUN   TestRemediation_ExplicitEmptyOverrides
--- PASS: TestRemediation_ExplicitEmptyOverrides (0.00s)
=== RUN   TestRemediation_ActiveRoleProjectionScope
--- PASS: TestRemediation_ActiveRoleProjectionScope (0.01s)
=== RUN   TestRemediation_CurrentTurnAndStateConfiguration
=== RUN   TestRemediation_CurrentTurnAndStateConfiguration/prompt-only
=== RUN   TestRemediation_CurrentTurnAndStateConfiguration/unknown-empty-policy
=== RUN   TestRemediation_CurrentTurnAndStateConfiguration/missing-conversation-id
--- PASS: TestRemediation_CurrentTurnAndStateConfiguration (0.00s)
    --- PASS: TestRemediation_CurrentTurnAndStateConfiguration/prompt-only (0.00s)
    --- PASS: TestRemediation_CurrentTurnAndStateConfiguration/unknown-empty-policy (0.00s)
    --- PASS: TestRemediation_CurrentTurnAndStateConfiguration/missing-conversation-id (0.00s)
=== RUN   TestRemediation_DeferredEnumPreflight
=== RUN   TestRemediation_DeferredEnumPreflight/record=false/snapshot=false/resource=false/segment
=== RUN   TestRemediation_DeferredEnumPreflight/record=false/snapshot=false/resource=false/policy
=== RUN   TestRemediation_DeferredEnumPreflight/record=true/snapshot=false/resource=false/segment
=== RUN   TestRemediation_DeferredEnumPreflight/record=true/snapshot=false/resource=false/policy
=== RUN   TestRemediation_DeferredEnumPreflight/record=false/snapshot=true/resource=false/segment
=== RUN   TestRemediation_DeferredEnumPreflight/record=false/snapshot=true/resource=false/policy
=== RUN   TestRemediation_DeferredEnumPreflight/record=true/snapshot=true/resource=false/segment
=== RUN   TestRemediation_DeferredEnumPreflight/record=true/snapshot=true/resource=false/policy
=== RUN   TestRemediation_DeferredEnumPreflight/record=false/snapshot=false/resource=true/segment
=== RUN   TestRemediation_DeferredEnumPreflight/record=false/snapshot=false/resource=true/policy
=== RUN   TestRemediation_DeferredEnumPreflight/record=true/snapshot=false/resource=true/segment
=== RUN   TestRemediation_DeferredEnumPreflight/record=true/snapshot=false/resource=true/policy
=== RUN   TestRemediation_DeferredEnumPreflight/record=false/snapshot=true/resource=true/segment
=== RUN   TestRemediation_DeferredEnumPreflight/record=false/snapshot=true/resource=true/policy
=== RUN   TestRemediation_DeferredEnumPreflight/record=true/snapshot=true/resource=true/segment
=== RUN   TestRemediation_DeferredEnumPreflight/record=true/snapshot=true/resource=true/policy
--- PASS: TestRemediation_DeferredEnumPreflight (0.01s)
    --- PASS: TestRemediation_DeferredEnumPreflight/record=false/snapshot=false/resource=false/segment (0.00s)
    --- PASS: TestRemediation_DeferredEnumPreflight/record=false/snapshot=false/resource=false/policy (0.00s)
    --- PASS: TestRemediation_DeferredEnumPreflight/record=true/snapshot=false/resource=false/segment (0.00s)
    --- PASS: TestRemediation_DeferredEnumPreflight/record=true/snapshot=false/resource=false/policy (0.00s)
    --- PASS: TestRemediation_DeferredEnumPreflight/record=false/snapshot=true/resource=false/segment (0.00s)
    --- PASS: TestRemediation_DeferredEnumPreflight/record=false/snapshot=true/resource=false/policy (0.00s)
    --- PASS: TestRemediation_DeferredEnumPreflight/record=true/snapshot=true/resource=false/segment (0.00s)
    --- PASS: TestRemediation_DeferredEnumPreflight/record=true/snapshot=true/resource=false/policy (0.00s)
    --- PASS: TestRemediation_DeferredEnumPreflight/record=false/snapshot=false/resource=true/segment (0.00s)
    --- PASS: TestRemediation_DeferredEnumPreflight/record=false/snapshot=false/resource=true/policy (0.00s)
    --- PASS: TestRemediation_DeferredEnumPreflight/record=true/snapshot=false/resource=true/segment (0.00s)
    --- PASS: TestRemediation_DeferredEnumPreflight/record=true/snapshot=false/resource=true/policy (0.00s)
    --- PASS: TestRemediation_DeferredEnumPreflight/record=false/snapshot=true/resource=true/segment (0.00s)
    --- PASS: TestRemediation_DeferredEnumPreflight/record=false/snapshot=true/resource=true/policy (0.00s)
    --- PASS: TestRemediation_DeferredEnumPreflight/record=true/snapshot=true/resource=true/segment (0.00s)
    --- PASS: TestRemediation_DeferredEnumPreflight/record=true/snapshot=true/resource=true/policy (0.00s)
=== RUN   TestRemediation_MaterializationPartParity
=== RUN   TestRemediation_MaterializationPartParity/0
=== RUN   TestRemediation_MaterializationPartParity/1
=== RUN   TestRemediation_MaterializationPartParity/2
=== RUN   TestRemediation_MaterializationPartParity/3
=== RUN   TestRemediation_MaterializationPartParity/4
=== RUN   TestRemediation_MaterializationPartParity/5
=== RUN   TestRemediation_MaterializationPartParity/6
--- PASS: TestRemediation_MaterializationPartParity (0.01s)
    --- PASS: TestRemediation_MaterializationPartParity/0 (0.00s)
    --- PASS: TestRemediation_MaterializationPartParity/1 (0.00s)
    --- PASS: TestRemediation_MaterializationPartParity/2 (0.00s)
    --- PASS: TestRemediation_MaterializationPartParity/3 (0.00s)
    --- PASS: TestRemediation_MaterializationPartParity/4 (0.00s)
    --- PASS: TestRemediation_MaterializationPartParity/5 (0.00s)
    --- PASS: TestRemediation_MaterializationPartParity/6 (0.00s)
=== RUN   TestRemediation_NamedViewRegistration
--- PASS: TestRemediation_NamedViewRegistration (0.00s)
=== RUN   TestRemediation_ProvenanceDecoderInvariants
=== RUN   TestRemediation_ProvenanceDecoderInvariants/nil
=== RUN   TestRemediation_ProvenanceDecoderInvariants/typed-nil
=== RUN   TestRemediation_ProvenanceDecoderInvariants/wrong-type
=== RUN   TestRemediation_ProvenanceDecoderInvariants/callback-error
--- PASS: TestRemediation_ProvenanceDecoderInvariants (0.00s)
    --- PASS: TestRemediation_ProvenanceDecoderInvariants/nil (0.00s)
    --- PASS: TestRemediation_ProvenanceDecoderInvariants/typed-nil (0.00s)
    --- PASS: TestRemediation_ProvenanceDecoderInvariants/wrong-type (0.00s)
    --- PASS: TestRemediation_ProvenanceDecoderInvariants/callback-error (0.00s)
=== RUN   TestRemediation_CurrentResourceCodecRevisions
--- PASS: TestRemediation_CurrentResourceCodecRevisions (0.03s)
=== RUN   TestRemediation_LayerReplacementRetainsEntireGroup
--- PASS: TestRemediation_LayerReplacementRetainsEntireGroup (0.00s)
=== RUN   TestRemediation_ValidMaterializationOwnedParity
--- PASS: TestRemediation_ValidMaterializationOwnedParity (0.04s)
=== RUN   TestRemediation_CurrentTurnProvenanceCloneParity
--- PASS: TestRemediation_CurrentTurnProvenanceCloneParity (0.00s)
=== RUN   TestRemediation_DeferredProvenanceCloneParity
--- PASS: TestRemediation_DeferredProvenanceCloneParity (0.00s)
=== RUN   TestAcceptance_Render_ViewNonMutating
=== PAUSE TestAcceptance_Render_ViewNonMutating
=== RUN   TestAcceptance_RenderView_BuiltinParity
=== PAUSE TestAcceptance_RenderView_BuiltinParity
=== RUN   TestAcceptance_RenderView_BuiltinCollisionRejected
=== PAUSE TestAcceptance_RenderView_BuiltinCollisionRejected
=== RUN   TestReplay_BlobDeletion
--- PASS: TestReplay_BlobDeletion (0.10s)
=== RUN   TestReplay_BlobFreshScope
--- PASS: TestReplay_BlobFreshScope (0.08s)
=== RUN   TestReplay_BlobConfiguration
=== RUN   TestReplay_BlobConfiguration/absent
=== RUN   TestReplay_BlobConfiguration/nil-option
=== RUN   TestReplay_BlobConfiguration/nil-port
=== RUN   TestReplay_BlobConfiguration/typed-nil-port
=== RUN   TestReplay_BlobConfiguration/empty-scope
=== RUN   TestReplay_BlobConfiguration/duplicate
--- PASS: TestReplay_BlobConfiguration (0.09s)
    --- PASS: TestReplay_BlobConfiguration/absent (0.02s)
    --- PASS: TestReplay_BlobConfiguration/nil-option (0.00s)
    --- PASS: TestReplay_BlobConfiguration/nil-port (0.00s)
    --- PASS: TestReplay_BlobConfiguration/typed-nil-port (0.00s)
    --- PASS: TestReplay_BlobConfiguration/empty-scope (0.00s)
    --- PASS: TestReplay_BlobConfiguration/duplicate (0.00s)
=== RUN   TestReplay_BlobHostFailures
=== RUN   TestReplay_BlobHostFailures/contexty:_blob_expired
=== RUN   TestReplay_BlobHostFailures/contexty:_blob_digest_mismatch
=== RUN   TestReplay_BlobHostFailures/contexty:_blob_scope_denied
=== RUN   TestReplay_BlobHostFailures/host_check_unavailable
--- PASS: TestReplay_BlobHostFailures (0.18s)
    --- PASS: TestReplay_BlobHostFailures/contexty:_blob_expired (0.02s)
    --- PASS: TestReplay_BlobHostFailures/contexty:_blob_digest_mismatch (0.02s)
    --- PASS: TestReplay_BlobHostFailures/contexty:_blob_scope_denied (0.02s)
    --- PASS: TestReplay_BlobHostFailures/host_check_unavailable (0.05s)
=== RUN   TestReplay_BlobCallbackIsolation
--- PASS: TestReplay_BlobCallbackIsolation (0.10s)
=== RUN   TestReplay_HistoricalBlobDependencies
--- PASS: TestReplay_HistoricalBlobDependencies (0.49s)
=== RUN   TestReplay_BlobStopsChecks
=== RUN   TestReplay_BlobStopsChecks/failure
=== RUN   TestReplay_BlobStopsChecks/cancellation
--- PASS: TestReplay_BlobStopsChecks (1.00s)
    --- PASS: TestReplay_BlobStopsChecks/failure (0.45s)
    --- PASS: TestReplay_BlobStopsChecks/cancellation (0.14s)
=== RUN   TestReplay_BlobValidatesAllBeforeChecks
--- PASS: TestReplay_BlobValidatesAllBeforeChecks (1.22s)
=== RUN   TestExact_Replay
--- PASS: TestExact_Replay (1.13s)
=== RUN   TestReplay_RequiresCodecs
--- PASS: TestReplay_RequiresCodecs (0.06s)
=== RUN   TestCapture_PolicyCancellation
--- PASS: TestCapture_PolicyCancellation (0.00s)
=== RUN   TestRecompute_CreatesNewRecord
--- PASS: TestRecompute_CreatesNewRecord (0.11s)
=== RUN   TestReplay_Failures
=== RUN   TestReplay_Failures/encoding
=== RUN   TestReplay_Failures/revision
=== RUN   TestReplay_Failures/profile
=== RUN   TestReplay_Failures/budget
=== RUN   TestReplay_Failures/reservations
=== RUN   TestReplay_Failures/inputs
--- PASS: TestReplay_Failures (0.19s)
    --- PASS: TestReplay_Failures/encoding (0.03s)
    --- PASS: TestReplay_Failures/revision (0.01s)
    --- PASS: TestReplay_Failures/profile (0.01s)
    --- PASS: TestReplay_Failures/budget (0.01s)
    --- PASS: TestReplay_Failures/reservations (0.01s)
    --- PASS: TestReplay_Failures/inputs (0.02s)
=== RUN   TestReplay_Privacy
--- PASS: TestReplay_Privacy (0.09s)
=== RUN   TestContract_Reservations
--- PASS: TestContract_Reservations (0.09s)
=== RUN   TestInvalid_Reservations
--- PASS: TestInvalid_Reservations (0.00s)
=== RUN   TestAcceptance_ResolveVar_NotPersisted
--- PASS: TestAcceptance_ResolveVar_NotPersisted (0.00s)
=== RUN   TestAcceptance_ResolveVar_InDeferredResolve
--- PASS: TestAcceptance_ResolveVar_InDeferredResolve (0.00s)
=== RUN   TestAcceptance_ResolveVar_InDeferred
=== PAUSE TestAcceptance_ResolveVar_InDeferred
=== RUN   TestAcceptance_ResolveVar_MapClone
=== PAUSE TestAcceptance_ResolveVar_MapClone
=== RUN   TestResource_AdapterNativeFailures
=== RUN   TestResource_AdapterNativeFailures/missing
=== RUN   TestResource_AdapterNativeFailures/revision
=== RUN   TestResource_AdapterNativeFailures/digest
=== RUN   TestResource_AdapterNativeFailures/denied
=== RUN   TestResource_AdapterNativeFailures/oversize
=== RUN   TestResource_AdapterNativeFailures/unsupported
=== RUN   TestResource_AdapterNativeFailures/canceled
--- PASS: TestResource_AdapterNativeFailures (0.00s)
    --- PASS: TestResource_AdapterNativeFailures/missing (0.00s)
    --- PASS: TestResource_AdapterNativeFailures/revision (0.00s)
    --- PASS: TestResource_AdapterNativeFailures/digest (0.00s)
    --- PASS: TestResource_AdapterNativeFailures/denied (0.00s)
    --- PASS: TestResource_AdapterNativeFailures/oversize (0.00s)
    --- PASS: TestResource_AdapterNativeFailures/unsupported (0.00s)
    --- PASS: TestResource_AdapterNativeFailures/canceled (0.00s)
=== RUN   TestResource_AdapterNativeSelection
--- PASS: TestResource_AdapterNativeSelection (0.02s)
=== RUN   TestResourceArtifact_Lifecycle
=== RUN   TestResourceArtifact_Lifecycle/persistent
=== RUN   TestResourceArtifact_Lifecycle/persistent-skip
=== RUN   TestResourceArtifact_Lifecycle/ephemeral
=== RUN   TestResourceArtifact_Lifecycle/ephemeral-store
=== RUN   TestResourceArtifact_Lifecycle/turn-current
=== RUN   TestResourceArtifact_Lifecycle/turn-other
--- PASS: TestResourceArtifact_Lifecycle (0.10s)
    --- PASS: TestResourceArtifact_Lifecycle/persistent (0.02s)
    --- PASS: TestResourceArtifact_Lifecycle/persistent-skip (0.02s)
    --- PASS: TestResourceArtifact_Lifecycle/ephemeral (0.02s)
    --- PASS: TestResourceArtifact_Lifecycle/ephemeral-store (0.02s)
    --- PASS: TestResourceArtifact_Lifecycle/turn-current (0.02s)
    --- PASS: TestResourceArtifact_Lifecycle/turn-other (0.02s)
=== RUN   TestResourceArtifact_AdmissionBudget
=== RUN   TestResourceArtifact_AdmissionBudget/zero
=== RUN   TestResourceArtifact_AdmissionBudget/excluded
=== RUN   TestResourceArtifact_AdmissionBudget/exact
--- PASS: TestResourceArtifact_AdmissionBudget (0.16s)
    --- PASS: TestResourceArtifact_AdmissionBudget/zero (0.06s)
    --- PASS: TestResourceArtifact_AdmissionBudget/excluded (0.05s)
    --- PASS: TestResourceArtifact_AdmissionBudget/exact (0.05s)
=== RUN   TestResourceArtifact_IdentityAndOperationIsolation
--- PASS: TestResourceArtifact_IdentityAndOperationIsolation (0.05s)
=== RUN   TestResourceAppend_MediaRejected
--- PASS: TestResourceAppend_MediaRejected (0.02s)
=== RUN   TestResourceAppend_BlobPreviewRejected
--- PASS: TestResourceAppend_BlobPreviewRejected (0.03s)
=== RUN   TestResourceAppend_EstimatorCancellation
=== RUN   TestResourceAppend_EstimatorCancellation/error
=== RUN   TestResourceAppend_EstimatorCancellation/cancel
--- PASS: TestResourceAppend_EstimatorCancellation (0.05s)
    --- PASS: TestResourceAppend_EstimatorCancellation/error (0.02s)
    --- PASS: TestResourceAppend_EstimatorCancellation/cancel (0.03s)
=== RUN   TestResourceAppend_DerivedPrivacy
--- PASS: TestResourceAppend_DerivedPrivacy (0.17s)
=== RUN   TestResourceAppend_LabelFailures
=== RUN   TestResourceAppend_LabelFailures/preserve
=== RUN   TestResourceAppend_LabelFailures/missing-policy
=== RUN   TestResourceAppend_LabelFailures/conflict
=== RUN   TestResourceAppend_LabelFailures/upgrade
=== RUN   TestResourceAppend_LabelFailures/cancel
--- PASS: TestResourceAppend_LabelFailures (0.16s)
    --- PASS: TestResourceAppend_LabelFailures/preserve (0.03s)
    --- PASS: TestResourceAppend_LabelFailures/missing-policy (0.02s)
    --- PASS: TestResourceAppend_LabelFailures/conflict (0.07s)
    --- PASS: TestResourceAppend_LabelFailures/upgrade (0.02s)
    --- PASS: TestResourceAppend_LabelFailures/cancel (0.03s)
=== RUN   TestResourceAppend_FinalMainBudget
--- PASS: TestResourceAppend_FinalMainBudget (0.02s)
=== RUN   TestResourceAppend_TargetFinalBudget
--- PASS: TestResourceAppend_TargetFinalBudget (0.08s)
=== RUN   TestResourceAppend_CheckpointLifecycle
=== RUN   TestResourceAppend_CheckpointLifecycle/persistent
=== RUN   TestResourceAppend_CheckpointLifecycle/skip
=== RUN   TestResourceAppend_CheckpointLifecycle/ephemeral
=== RUN   TestResourceAppend_CheckpointLifecycle/ephemeral-store
=== RUN   TestResourceAppend_CheckpointLifecycle/turn-bound
--- PASS: TestResourceAppend_CheckpointLifecycle (0.10s)
    --- PASS: TestResourceAppend_CheckpointLifecycle/persistent (0.02s)
    --- PASS: TestResourceAppend_CheckpointLifecycle/skip (0.03s)
    --- PASS: TestResourceAppend_CheckpointLifecycle/ephemeral (0.02s)
    --- PASS: TestResourceAppend_CheckpointLifecycle/ephemeral-store (0.02s)
    --- PASS: TestResourceAppend_CheckpointLifecycle/turn-bound (0.02s)
=== RUN   TestResourceAppend_EvidenceOwnership
--- PASS: TestResourceAppend_EvidenceOwnership (0.16s)
=== RUN   TestResourceAppend_IndependentCodecs
--- PASS: TestResourceAppend_IndependentCodecs (0.43s)
=== RUN   TestResourceAppend_MissingDependencies
=== RUN   TestResourceAppend_MissingDependencies/old
=== RUN   TestResourceAppend_MissingDependencies/incoming
=== RUN   TestResourceAppend_MissingDependencies/derived-artifact
=== RUN   TestResourceAppend_MissingDependencies/derived-message
--- PASS: TestResourceAppend_MissingDependencies (0.61s)
    --- PASS: TestResourceAppend_MissingDependencies/old (0.08s)
    --- PASS: TestResourceAppend_MissingDependencies/incoming (0.08s)
    --- PASS: TestResourceAppend_MissingDependencies/derived-artifact (0.08s)
    --- PASS: TestResourceAppend_MissingDependencies/derived-message (0.09s)
=== RUN   TestResourceAppend_ReplayRootCancellation
--- PASS: TestResourceAppend_ReplayRootCancellation (0.38s)
=== RUN   TestResourceAppend_Sequence
=== RUN   TestResourceAppend_Sequence/same-block
=== RUN   TestResourceAppend_Sequence/separate-blocks
=== RUN   TestResourceAppend_Sequence/strict-same-block
=== RUN   TestResourceAppend_Sequence/strict-separate-blocks
--- PASS: TestResourceAppend_Sequence (1.70s)
    --- PASS: TestResourceAppend_Sequence/same-block (0.42s)
    --- PASS: TestResourceAppend_Sequence/separate-blocks (0.43s)
    --- PASS: TestResourceAppend_Sequence/strict-same-block (0.42s)
    --- PASS: TestResourceAppend_Sequence/strict-separate-blocks (0.43s)
=== RUN   TestResourceAppend_Admission
=== RUN   TestResourceAppend_Admission/incoming-excluded
=== RUN   TestResourceAppend_Admission/merged-excluded
=== RUN   TestResourceAppend_Admission/merged-admitted
--- PASS: TestResourceAppend_Admission (1.55s)
    --- PASS: TestResourceAppend_Admission/incoming-excluded (0.29s)
    --- PASS: TestResourceAppend_Admission/merged-excluded (0.64s)
    --- PASS: TestResourceAppend_Admission/merged-admitted (0.62s)
=== RUN   TestResource_ConfigurationIdentity
=== RUN   TestResource_ConfigurationIdentity/reader
=== RUN   TestResource_ConfigurationIdentity/projection
=== RUN   TestResource_ConfigurationIdentity/labels
=== RUN   TestResource_ConfigurationIdentity/materialization
=== RUN   TestResource_ConfigurationIdentity/codec
=== RUN   TestResource_ConfigurationIdentity/encoding
--- PASS: TestResource_ConfigurationIdentity (0.22s)
    --- PASS: TestResource_ConfigurationIdentity/reader (0.01s)
    --- PASS: TestResource_ConfigurationIdentity/projection (0.01s)
    --- PASS: TestResource_ConfigurationIdentity/labels (0.04s)
    --- PASS: TestResource_ConfigurationIdentity/materialization (0.08s)
    --- PASS: TestResource_ConfigurationIdentity/codec (0.03s)
    --- PASS: TestResource_ConfigurationIdentity/encoding (0.02s)
=== RUN   TestResource_ConfigurationPreflight
=== RUN   TestResource_ConfigurationPreflight/missing-label-id
=== RUN   TestResource_ConfigurationPreflight/surplus-label-id
=== RUN   TestResource_ConfigurationPreflight/reserved-label-id
=== RUN   TestResource_ConfigurationPreflight/typed-nil-label-policy
=== RUN   TestResource_ConfigurationPreflight/missing-codec
=== RUN   TestResource_ConfigurationPreflight/duplicate-codec
=== RUN   TestResource_ConfigurationPreflight/surplus-codec
--- PASS: TestResource_ConfigurationPreflight (0.00s)
    --- PASS: TestResource_ConfigurationPreflight/missing-label-id (0.00s)
    --- PASS: TestResource_ConfigurationPreflight/surplus-label-id (0.00s)
    --- PASS: TestResource_ConfigurationPreflight/reserved-label-id (0.00s)
    --- PASS: TestResource_ConfigurationPreflight/typed-nil-label-policy (0.00s)
    --- PASS: TestResource_ConfigurationPreflight/missing-codec (0.00s)
    --- PASS: TestResource_ConfigurationPreflight/duplicate-codec (0.00s)
    --- PASS: TestResource_ConfigurationPreflight/surplus-codec (0.00s)
=== RUN   TestResource_UnusedCodecBinding
--- PASS: TestResource_UnusedCodecBinding (0.03s)
=== RUN   TestResource_ConfigurationSnapshot
--- PASS: TestResource_ConfigurationSnapshot (0.14s)
=== RUN   TestResource_ConfigurationBindingOrder
--- PASS: TestResource_ConfigurationBindingOrder (0.01s)
=== RUN   TestResource_SameIDDeduplication
=== RUN   TestResource_SameIDDeduplication/shared-source
=== RUN   TestResource_SameIDDeduplication/different-source
=== RUN   TestResource_SameIDDeduplication/empty-source
=== RUN   TestResource_SameIDDeduplication/ephemeral-replaces
--- PASS: TestResource_SameIDDeduplication (0.26s)
    --- PASS: TestResource_SameIDDeduplication/shared-source (0.05s)
    --- PASS: TestResource_SameIDDeduplication/different-source (0.02s)
    --- PASS: TestResource_SameIDDeduplication/empty-source (0.14s)
    --- PASS: TestResource_SameIDDeduplication/ephemeral-replaces (0.05s)
=== RUN   TestResource_DedupAcceptedReplay
--- PASS: TestResource_DedupAcceptedReplay (0.73s)
=== RUN   TestResource_DedupIdenticalRevisionBudget
--- PASS: TestResource_DedupIdenticalRevisionBudget (0.23s)
=== RUN   TestResource_DedupExcludedAdmission
=== RUN   TestResource_DedupExcludedAdmission/over-budget
=== RUN   TestResource_DedupExcludedAdmission/inactive
--- PASS: TestResource_DedupExcludedAdmission (0.34s)
    --- PASS: TestResource_DedupExcludedAdmission/over-budget (0.14s)
    --- PASS: TestResource_DedupExcludedAdmission/inactive (0.20s)
=== RUN   TestResource_DeferredNative
--- PASS: TestResource_DeferredNative (0.04s)
=== RUN   TestResource_DeferredBindingFailures
=== RUN   TestResource_DeferredBindingFailures/missing
=== RUN   TestResource_DeferredBindingFailures/extra
=== RUN   TestResource_DeferredBindingFailures/id
=== RUN   TestResource_DeferredBindingFailures/descriptor
=== RUN   TestResource_DeferredBindingFailures/configuration
=== RUN   TestResource_DeferredBindingFailures/budget
=== RUN   TestResource_DeferredBindingFailures/body
--- PASS: TestResource_DeferredBindingFailures (0.08s)
    --- PASS: TestResource_DeferredBindingFailures/missing (0.01s)
    --- PASS: TestResource_DeferredBindingFailures/extra (0.01s)
    --- PASS: TestResource_DeferredBindingFailures/id (0.01s)
    --- PASS: TestResource_DeferredBindingFailures/descriptor (0.01s)
    --- PASS: TestResource_DeferredBindingFailures/configuration (0.02s)
    --- PASS: TestResource_DeferredBindingFailures/budget (0.01s)
    --- PASS: TestResource_DeferredBindingFailures/body (0.01s)
=== RUN   TestResource_DeferredPreflight
=== RUN   TestResource_DeferredPreflight/callback
=== RUN   TestResource_DeferredPreflight/id
=== RUN   TestResource_DeferredPreflight/bytes
=== RUN   TestResource_DeferredPreflight/budget
=== RUN   TestResource_DeferredPreflight/configuration
=== RUN   TestResource_DeferredPreflight/duplicate
--- PASS: TestResource_DeferredPreflight (0.00s)
    --- PASS: TestResource_DeferredPreflight/callback (0.00s)
    --- PASS: TestResource_DeferredPreflight/id (0.00s)
    --- PASS: TestResource_DeferredPreflight/bytes (0.00s)
    --- PASS: TestResource_DeferredPreflight/budget (0.00s)
    --- PASS: TestResource_DeferredPreflight/configuration (0.00s)
    --- PASS: TestResource_DeferredPreflight/duplicate (0.00s)
=== RUN   TestResource_DeferredManifestConfiguration
--- PASS: TestResource_DeferredManifestConfiguration (0.09s)
=== RUN   TestResource_ReplaceByOrigin
--- PASS: TestResource_ReplaceByOrigin (0.35s)
=== RUN   TestResource_InactiveReplacementPreservesExisting
--- PASS: TestResource_InactiveReplacementPreservesExisting (0.03s)
=== RUN   TestResource_SameIDReplacementEvidence
--- PASS: TestResource_SameIDReplacementEvidence (0.19s)
=== RUN   TestResource_SequentialOriginReplacement
=== RUN   TestResource_SequentialOriginReplacement/separate-blocks
=== RUN   TestResource_SequentialOriginReplacement/same-block
=== RUN   TestResource_SequentialOriginReplacement/same-id-separate-blocks
=== RUN   TestResource_SequentialOriginReplacement/same-id-same-block
--- PASS: TestResource_SequentialOriginReplacement (0.14s)
    --- PASS: TestResource_SequentialOriginReplacement/separate-blocks (0.03s)
    --- PASS: TestResource_SequentialOriginReplacement/same-block (0.03s)
    --- PASS: TestResource_SequentialOriginReplacement/same-id-separate-blocks (0.04s)
    --- PASS: TestResource_SequentialOriginReplacement/same-id-same-block (0.03s)
=== RUN   TestResource_GenericMessageCollision
--- PASS: TestResource_GenericMessageCollision (0.01s)
=== RUN   TestResource_ReplacementSurvivesLaterDeferredBlock
--- PASS: TestResource_ReplacementSurvivesLaterDeferredBlock (0.02s)
=== RUN   TestResource_RecordRoundTrip
=== RUN   TestResource_RecordRoundTrip/plain
=== RUN   TestResource_RecordRoundTrip/labels
--- PASS: TestResource_RecordRoundTrip (0.08s)
    --- PASS: TestResource_RecordRoundTrip/plain (0.03s)
    --- PASS: TestResource_RecordRoundTrip/labels (0.05s)
=== RUN   TestResource_RecordBindings
=== RUN   TestResource_RecordBindings/id
=== RUN   TestResource_RecordBindings/source-revision
=== RUN   TestResource_RecordBindings/source-content
=== RUN   TestResource_RecordBindings/projection-content
=== RUN   TestResource_RecordBindings/artifact-content
=== RUN   TestResource_RecordBindings/message-role
=== RUN   TestResource_RecordBindings/estimate
=== RUN   TestResource_RecordBindings/profile
=== RUN   TestResource_RecordBindings/reader
=== RUN   TestResource_RecordBindings/label-policy
=== RUN   TestResource_RecordBindings/lineage-input
=== RUN   TestResource_RecordBindings/lineage-extra
=== RUN   TestResource_RecordBindings/intrinsic-decision
--- PASS: TestResource_RecordBindings (0.18s)
    --- PASS: TestResource_RecordBindings/id (0.02s)
    --- PASS: TestResource_RecordBindings/source-revision (0.01s)
    --- PASS: TestResource_RecordBindings/source-content (0.01s)
    --- PASS: TestResource_RecordBindings/projection-content (0.01s)
    --- PASS: TestResource_RecordBindings/artifact-content (0.01s)
    --- PASS: TestResource_RecordBindings/message-role (0.02s)
    --- PASS: TestResource_RecordBindings/estimate (0.01s)
    --- PASS: TestResource_RecordBindings/profile (0.02s)
    --- PASS: TestResource_RecordBindings/reader (0.02s)
    --- PASS: TestResource_RecordBindings/label-policy (0.02s)
    --- PASS: TestResource_RecordBindings/lineage-input (0.02s)
    --- PASS: TestResource_RecordBindings/lineage-extra (0.02s)
    --- PASS: TestResource_RecordBindings/intrinsic-decision (0.01s)
=== RUN   TestResource_RecordMissingContent
=== RUN   TestResource_RecordMissingContent/source
=== RUN   TestResource_RecordMissingContent/projected
=== RUN   TestResource_RecordMissingContent/artifact
=== RUN   TestResource_RecordMissingContent/message
--- PASS: TestResource_RecordMissingContent (0.05s)
    --- PASS: TestResource_RecordMissingContent/source (0.01s)
    --- PASS: TestResource_RecordMissingContent/projected (0.01s)
    --- PASS: TestResource_RecordMissingContent/artifact (0.01s)
    --- PASS: TestResource_RecordMissingContent/message (0.01s)
=== RUN   TestResource_RecordCodecFailures
--- PASS: TestResource_RecordCodecFailures (0.03s)
=== RUN   TestResource_RecordStrictEnvelope
--- PASS: TestResource_RecordStrictEnvelope (0.02s)
=== RUN   TestResource_RecordDecoderCancellation
=== RUN   TestResource_RecordDecoderCancellation/artifact/success
=== RUN   TestResource_RecordDecoderCancellation/artifact/error
=== RUN   TestResource_RecordDecoderCancellation/message/success
=== RUN   TestResource_RecordDecoderCancellation/message/error
--- PASS: TestResource_RecordDecoderCancellation (0.11s)
    --- PASS: TestResource_RecordDecoderCancellation/artifact/success (0.03s)
    --- PASS: TestResource_RecordDecoderCancellation/artifact/error (0.03s)
    --- PASS: TestResource_RecordDecoderCancellation/message/success (0.03s)
    --- PASS: TestResource_RecordDecoderCancellation/message/error (0.03s)
=== RUN   TestResourceReplay_IndependentCodecs
--- PASS: TestResourceReplay_IndependentCodecs (0.70s)
=== RUN   TestResourceReplay_CodecPreflight
=== RUN   TestResourceReplay_CodecPreflight/absent
=== RUN   TestResourceReplay_CodecPreflight/empty
=== RUN   TestResourceReplay_CodecPreflight/wrong-id
=== RUN   TestResourceReplay_CodecPreflight/surplus-id
=== RUN   TestResourceReplay_CodecPreflight/duplicate-option
=== RUN   TestResourceReplay_CodecPreflight/missing-label
=== RUN   TestResourceReplay_CodecPreflight/missing-message
--- PASS: TestResourceReplay_CodecPreflight (0.52s)
    --- PASS: TestResourceReplay_CodecPreflight/absent (0.04s)
    --- PASS: TestResourceReplay_CodecPreflight/empty (0.00s)
    --- PASS: TestResourceReplay_CodecPreflight/wrong-id (0.02s)
    --- PASS: TestResourceReplay_CodecPreflight/surplus-id (0.03s)
    --- PASS: TestResourceReplay_CodecPreflight/duplicate-option (0.00s)
    --- PASS: TestResourceReplay_CodecPreflight/missing-label (0.02s)
    --- PASS: TestResourceReplay_CodecPreflight/missing-message (0.02s)
=== RUN   TestResourceReplay_DecoderCancellation
--- PASS: TestResourceReplay_DecoderCancellation (0.35s)
=== RUN   TestResource_AcceptedReplay
=== RUN   TestResource_AcceptedReplay/missing-body
=== RUN   TestResource_AcceptedReplay/wrong-kind
=== RUN   TestResource_AcceptedReplay/current-configuration
--- PASS: TestResource_AcceptedReplay (0.42s)
    --- PASS: TestResource_AcceptedReplay/missing-body (0.05s)
    --- PASS: TestResource_AcceptedReplay/wrong-kind (0.11s)
    --- PASS: TestResource_AcceptedReplay/current-configuration (0.06s)
=== RUN   TestResource_CaptureCancellation
--- PASS: TestResource_CaptureCancellation (0.03s)
=== RUN   TestResource_RecordContainerIsolation
--- PASS: TestResource_RecordContainerIsolation (0.16s)
=== RUN   TestResource_CapturePrivacy
--- PASS: TestResource_CapturePrivacy (0.14s)
=== RUN   TestResource_Projection
--- PASS: TestResource_Projection (0.01s)
=== RUN   TestResource_ChangedBody
=== RUN   TestResource_ChangedBody/revision
=== RUN   TestResource_ChangedBody/content
=== RUN   TestResource_ChangedBody/length
=== RUN   TestResource_ChangedBody/oversize
=== RUN   TestResource_ChangedBody/unsupported
--- PASS: TestResource_ChangedBody (0.00s)
    --- PASS: TestResource_ChangedBody/revision (0.00s)
    --- PASS: TestResource_ChangedBody/content (0.00s)
    --- PASS: TestResource_ChangedBody/length (0.00s)
    --- PASS: TestResource_ChangedBody/oversize (0.00s)
    --- PASS: TestResource_ChangedBody/unsupported (0.00s)
=== RUN   TestResource_ReaderFailures
=== RUN   TestResource_ReaderFailures/contexty:_resource_missing
=== RUN   TestResource_ReaderFailures/contexty:_resource_scope_denied
=== RUN   TestResource_ReaderFailures/host_unavailable
--- PASS: TestResource_ReaderFailures (0.00s)
    --- PASS: TestResource_ReaderFailures/contexty:_resource_missing (0.00s)
    --- PASS: TestResource_ReaderFailures/contexty:_resource_scope_denied (0.00s)
    --- PASS: TestResource_ReaderFailures/host_unavailable (0.00s)
=== RUN   TestResource_Preflight
=== RUN   TestResource_Preflight/id
=== RUN   TestResource_Preflight/scope
=== RUN   TestResource_Preflight/reference
=== RUN   TestResource_Preflight/digest
=== RUN   TestResource_Preflight/limit
=== RUN   TestResource_Preflight/negative-limit
=== RUN   TestResource_Preflight/budget
=== RUN   TestResource_Preflight/reader
=== RUN   TestResource_Preflight/projection
=== RUN   TestResource_Preflight/reporter
--- PASS: TestResource_Preflight (0.00s)
    --- PASS: TestResource_Preflight/id (0.00s)
    --- PASS: TestResource_Preflight/scope (0.00s)
    --- PASS: TestResource_Preflight/reference (0.00s)
    --- PASS: TestResource_Preflight/digest (0.00s)
    --- PASS: TestResource_Preflight/limit (0.00s)
    --- PASS: TestResource_Preflight/negative-limit (0.00s)
    --- PASS: TestResource_Preflight/budget (0.00s)
    --- PASS: TestResource_Preflight/reader (0.00s)
    --- PASS: TestResource_Preflight/projection (0.00s)
    --- PASS: TestResource_Preflight/reporter (0.00s)
=== RUN   TestResource_ProjectionFailures
--- PASS: TestResource_ProjectionFailures (0.00s)
=== RUN   TestResource_LabelsAndIsolation
--- PASS: TestResource_LabelsAndIsolation (0.02s)
=== RUN   TestResource_LabelFailures
=== RUN   TestResource_LabelFailures/codec
=== RUN   TestResource_LabelFailures/policy
=== RUN   TestResource_LabelFailures/upgrade
=== RUN   TestResource_LabelFailures/conflict
--- PASS: TestResource_LabelFailures (0.00s)
    --- PASS: TestResource_LabelFailures/codec (0.00s)
    --- PASS: TestResource_LabelFailures/policy (0.00s)
    --- PASS: TestResource_LabelFailures/upgrade (0.00s)
    --- PASS: TestResource_LabelFailures/conflict (0.00s)
=== RUN   TestResource_SameNames
--- PASS: TestResource_SameNames (0.01s)
=== RUN   TestResourceArtifact_Contracts
=== RUN   TestResourceArtifact_Contracts/lifecycle
=== RUN   TestResourceArtifact_Contracts/persistence
=== RUN   TestResourceArtifact_Contracts/budget
=== RUN   TestResourceArtifact_Contracts/binary
--- PASS: TestResourceArtifact_Contracts (0.00s)
    --- PASS: TestResourceArtifact_Contracts/lifecycle (0.00s)
    --- PASS: TestResourceArtifact_Contracts/persistence (0.00s)
    --- PASS: TestResourceArtifact_Contracts/budget (0.00s)
    --- PASS: TestResourceArtifact_Contracts/binary (0.00s)
=== RUN   TestResource_UpgradeDecision
--- PASS: TestResource_UpgradeDecision (0.01s)
=== RUN   TestRolling_SummaryResume
--- PASS: TestRolling_SummaryResume (0.91s)
=== RUN   TestRolling_SummaryTargets
--- PASS: TestRolling_SummaryTargets (0.72s)
=== RUN   TestRolling_Summary
--- PASS: TestRolling_Summary (0.00s)
=== RUN   TestRolling_SummaryRoundBoundary
=== RUN   TestRolling_SummaryRoundBoundary/pending-before-tail
=== RUN   TestRolling_SummaryRoundBoundary/complete-boundary
--- PASS: TestRolling_SummaryRoundBoundary (0.00s)
    --- PASS: TestRolling_SummaryRoundBoundary/pending-before-tail (0.00s)
    --- PASS: TestRolling_SummaryRoundBoundary/complete-boundary (0.00s)
=== RUN   TestRolling_SummaryFailures
=== RUN   TestRolling_SummaryFailures/zero_recent
=== RUN   TestRolling_SummaryFailures/negative_recent
=== RUN   TestRolling_SummaryFailures/missing_summarizer
=== RUN   TestRolling_SummaryFailures/oversized_tail
=== RUN   TestRolling_SummaryFailures/no_prefix_capacity
=== RUN   TestRolling_SummaryFailures/whole_history_protected
--- PASS: TestRolling_SummaryFailures (0.00s)
    --- PASS: TestRolling_SummaryFailures/zero_recent (0.00s)
    --- PASS: TestRolling_SummaryFailures/negative_recent (0.00s)
    --- PASS: TestRolling_SummaryFailures/missing_summarizer (0.00s)
    --- PASS: TestRolling_SummaryFailures/oversized_tail (0.00s)
    --- PASS: TestRolling_SummaryFailures/no_prefix_capacity (0.00s)
    --- PASS: TestRolling_SummaryFailures/whole_history_protected (0.00s)
=== RUN   TestRolling_SummaryIdentity
--- PASS: TestRolling_SummaryIdentity (0.00s)
=== RUN   TestRolling_SummaryConfiguration
--- PASS: TestRolling_SummaryConfiguration (0.01s)
=== RUN   TestInterrupted_Repair
--- PASS: TestInterrupted_Repair (0.01s)
=== RUN   TestRepair_PreservesPending
--- PASS: TestRepair_PreservesPending (0.00s)
=== RUN   TestRepair_IdentityAndOrder
--- PASS: TestRepair_IdentityAndOrder (0.01s)
=== RUN   TestRepair_Failures
=== RUN   TestRepair_Failures/missing_descriptor
=== RUN   TestRepair_Failures/missing_encoding
=== RUN   TestRepair_Failures/missing_decision
=== RUN   TestRepair_Failures/unknown_decision
=== RUN   TestRepair_Failures/missing_identity
=== RUN   TestRepair_Failures/missing_codec
--- PASS: TestRepair_Failures (0.01s)
    --- PASS: TestRepair_Failures/missing_descriptor (0.00s)
    --- PASS: TestRepair_Failures/missing_encoding (0.00s)
    --- PASS: TestRepair_Failures/missing_decision (0.00s)
    --- PASS: TestRepair_Failures/unknown_decision (0.00s)
    --- PASS: TestRepair_Failures/missing_identity (0.00s)
    --- PASS: TestRepair_Failures/missing_codec (0.00s)
=== RUN   TestRepair_HostMetadataAndCancellation
--- PASS: TestRepair_HostMetadataAndCancellation (0.01s)
=== RUN   TestRound_States
--- PASS: TestRound_States (0.00s)
=== RUN   TestRound_StateErrors
=== RUN   TestRound_StateErrors/orphan
=== RUN   TestRound_StateErrors/duplicate_result
=== RUN   TestRound_StateErrors/duplicate_call
=== RUN   TestRound_StateErrors/wrong_role
=== RUN   TestRound_StateErrors/unknown_result
=== RUN   TestRound_StateErrors/false_complete
=== RUN   TestRound_StateErrors/unknown_state
=== RUN   TestRound_StateErrors/unknown_assistant
--- PASS: TestRound_StateErrors (0.00s)
    --- PASS: TestRound_StateErrors/orphan (0.00s)
    --- PASS: TestRound_StateErrors/duplicate_result (0.00s)
    --- PASS: TestRound_StateErrors/duplicate_call (0.00s)
    --- PASS: TestRound_StateErrors/wrong_role (0.00s)
    --- PASS: TestRound_StateErrors/unknown_result (0.00s)
    --- PASS: TestRound_StateErrors/false_complete (0.00s)
    --- PASS: TestRound_StateErrors/unknown_state (0.00s)
    --- PASS: TestRound_StateErrors/unknown_assistant (0.00s)
=== RUN   TestRound_StateMissingOrderAndScopes
--- PASS: TestRound_StateMissingOrderAndScopes (0.00s)
=== RUN   TestAcceptance_SelectionToolsRoundIsAtomic
=== PAUSE TestAcceptance_SelectionToolsRoundIsAtomic
=== RUN   TestAcceptance_SelectionRequiredRefsSurviveTransformationsExactly
=== RUN   TestAcceptance_SelectionRequiredRefsSurviveTransformationsExactly/same_ID_changed_content
=== RUN   TestAcceptance_SelectionRequiredRefsSurviveTransformationsExactly/deleted_required_member
=== RUN   TestAcceptance_SelectionRequiredRefsSurviveTransformationsExactly/reversed_required_chronology
--- PASS: TestAcceptance_SelectionRequiredRefsSurviveTransformationsExactly (0.01s)
    --- PASS: TestAcceptance_SelectionRequiredRefsSurviveTransformationsExactly/same_ID_changed_content (0.00s)
    --- PASS: TestAcceptance_SelectionRequiredRefsSurviveTransformationsExactly/deleted_required_member (0.00s)
    --- PASS: TestAcceptance_SelectionRequiredRefsSurviveTransformationsExactly/reversed_required_chronology (0.00s)
=== RUN   TestAcceptance_SelectionCurrentTurnAllowsExplicitPromptReplacement
=== PAUSE TestAcceptance_SelectionCurrentTurnAllowsExplicitPromptReplacement
=== RUN   TestAcceptance_SelectionMandatoryOverflowIsAtomic
=== PAUSE TestAcceptance_SelectionMandatoryOverflowIsAtomic
=== RUN   TestAcceptance_SelectionPrioritySharesCapacityAcrossHistoryAndArtifacts
=== PAUSE TestAcceptance_SelectionPrioritySharesCapacityAcrossHistoryAndArtifacts
=== RUN   TestAcceptance_SelectionOutputsPinDifferentModelProfiles
=== PAUSE TestAcceptance_SelectionOutputsPinDifferentModelProfiles
=== RUN   TestAcceptance_SelectionSharedResourceResolvesOnce
=== PAUSE TestAcceptance_SelectionSharedResourceResolvesOnce
=== RUN   TestAcceptance_SelectionFinalToolsRoundIntegrity
=== RUN   TestAcceptance_SelectionFinalToolsRoundIntegrity/main/whole
=== RUN   TestAcceptance_SelectionFinalToolsRoundIntegrity/main/call
=== RUN   TestAcceptance_SelectionFinalToolsRoundIntegrity/main/result
=== RUN   TestAcceptance_SelectionFinalToolsRoundIntegrity/target/whole
=== RUN   TestAcceptance_SelectionFinalToolsRoundIntegrity/target/call
=== RUN   TestAcceptance_SelectionFinalToolsRoundIntegrity/target/result
--- PASS: TestAcceptance_SelectionFinalToolsRoundIntegrity (0.02s)
    --- PASS: TestAcceptance_SelectionFinalToolsRoundIntegrity/main/whole (0.00s)
    --- PASS: TestAcceptance_SelectionFinalToolsRoundIntegrity/main/call (0.00s)
    --- PASS: TestAcceptance_SelectionFinalToolsRoundIntegrity/main/result (0.00s)
    --- PASS: TestAcceptance_SelectionFinalToolsRoundIntegrity/target/whole (0.00s)
    --- PASS: TestAcceptance_SelectionFinalToolsRoundIntegrity/target/call (0.00s)
    --- PASS: TestAcceptance_SelectionFinalToolsRoundIntegrity/target/result (0.01s)
=== RUN   TestAcceptance_SelectionPendingRoundCannotLoseSemanticParts
=== RUN   TestAcceptance_SelectionPendingRoundCannotLoseSemanticParts/result
=== RUN   TestAcceptance_SelectionPendingRoundCannotLoseSemanticParts/call
--- PASS: TestAcceptance_SelectionPendingRoundCannotLoseSemanticParts (0.01s)
    --- PASS: TestAcceptance_SelectionPendingRoundCannotLoseSemanticParts/result (0.00s)
    --- PASS: TestAcceptance_SelectionPendingRoundCannotLoseSemanticParts/call (0.00s)
=== RUN   TestAcceptance_SelectionPendingInFlightCallCannotLoseToolSemantics
=== PAUSE TestAcceptance_SelectionPendingInFlightCallCannotLoseToolSemantics
=== RUN   TestAcceptance_SelectionConsumerArtifactTurnLifecycle
=== RUN   TestAcceptance_SelectionConsumerArtifactTurnLifecycle/current
=== RUN   TestAcceptance_SelectionConsumerArtifactTurnLifecycle/previous
--- PASS: TestAcceptance_SelectionConsumerArtifactTurnLifecycle (0.04s)
    --- PASS: TestAcceptance_SelectionConsumerArtifactTurnLifecycle/current (0.02s)
    --- PASS: TestAcceptance_SelectionConsumerArtifactTurnLifecycle/previous (0.02s)
=== RUN   TestAcceptance_SelectionConsumersCannotBypassResourceAuthorization
=== PAUSE TestAcceptance_SelectionConsumersCannotBypassResourceAuthorization
=== RUN   TestAcceptance_SelectionPriorityAndChronology
=== PAUSE TestAcceptance_SelectionPriorityAndChronology
=== RUN   TestAcceptance_SelectionRejectsInvalidPlans
=== RUN   TestAcceptance_SelectionRejectsInvalidPlans/missing
=== RUN   TestAcceptance_SelectionRejectsInvalidPlans/stale
=== RUN   TestAcceptance_SelectionRejectsInvalidPlans/duplicate
=== RUN   TestAcceptance_SelectionRejectsInvalidPlans/mandatory
--- PASS: TestAcceptance_SelectionRejectsInvalidPlans (0.00s)
    --- PASS: TestAcceptance_SelectionRejectsInvalidPlans/missing (0.00s)
    --- PASS: TestAcceptance_SelectionRejectsInvalidPlans/stale (0.00s)
    --- PASS: TestAcceptance_SelectionRejectsInvalidPlans/duplicate (0.00s)
    --- PASS: TestAcceptance_SelectionRejectsInvalidPlans/mandatory (0.00s)
=== RUN   TestAcceptance_SelectionRejectsRawTurnAndPartialRound
=== PAUSE TestAcceptance_SelectionRejectsRawTurnAndPartialRound
=== RUN   TestAcceptance_ArtifactAdmissionUsesEachOutputEstimator
=== PAUSE TestAcceptance_ArtifactAdmissionUsesEachOutputEstimator
=== RUN   TestMessageClone_DeepCopy
--- PASS: TestMessageClone_DeepCopy (0.00s)
=== RUN   TestPolymorphicPartsRoundTrip
--- PASS: TestPolymorphicPartsRoundTrip (0.00s)
=== RUN   TestPolymorphicParts_UnknownKindFails
--- PASS: TestPolymorphicParts_UnknownKindFails (0.00s)
=== RUN   TestProvenanceRegistry_RoundTrip
--- PASS: TestProvenanceRegistry_RoundTrip (0.00s)
=== RUN   TestProvenanceRegistry_UnregisteredFails
--- PASS: TestProvenanceRegistry_UnregisteredFails (0.00s)
=== RUN   TestUnmarshalMessageJSON_NilRegistryWithProvenanceFails
--- PASS: TestUnmarshalMessageJSON_NilRegistryWithProvenanceFails (0.00s)
=== RUN   TestConversationStateStore_OCC
--- PASS: TestConversationStateStore_OCC (0.00s)
=== RUN   TestRender_DoesNotMutateSnapshot
--- PASS: TestRender_DoesNotMutateSnapshot (0.00s)
=== RUN   TestViews_DifferentProjections
--- PASS: TestViews_DifferentProjections (0.00s)
=== RUN   TestHostTextTransform_CopyOnWrite
--- PASS: TestHostTextTransform_CopyOnWrite (0.00s)
=== RUN   TestEngine_Compile_DeferredAndResolveVar
--- PASS: TestEngine_Compile_DeferredAndResolveVar (0.00s)
=== RUN   TestBudgetPipeline_SummaryWithinCapacity
--- PASS: TestBudgetPipeline_SummaryWithinCapacity (0.00s)
=== RUN   TestStore_Conformance
--- PASS: TestStore_Conformance (0.00s)
=== RUN   TestRevision_Exhaustion
--- PASS: TestRevision_Exhaustion (0.00s)
=== RUN   TestClear_MissingIdentity
--- PASS: TestClear_MissingIdentity (0.00s)
=== RUN   TestJSONSerializer_RoundTrip
--- PASS: TestJSONSerializer_RoundTrip (0.00s)
=== RUN   TestConversationCodec_RoundTrip
--- PASS: TestConversationCodec_RoundTrip (0.00s)
=== RUN   TestDropHeadStrategy_ToolTurnAtomicity
--- PASS: TestDropHeadStrategy_ToolTurnAtomicity (0.00s)
=== RUN   TestDropTailStrategy_ToolTurnAtomicity
--- PASS: TestDropTailStrategy_ToolTurnAtomicity (0.00s)
=== RUN   TestBudgetPipeline_Summarize
--- PASS: TestBudgetPipeline_Summarize (0.00s)
=== RUN   TestDropHeadStrategy_AtomicityOptOut
--- PASS: TestDropHeadStrategy_AtomicityOptOut (0.00s)
=== RUN   TestBudgetPipeline_RejectsStrategyOrphans
--- PASS: TestBudgetPipeline_RejectsStrategyOrphans (0.00s)
=== RUN   TestDropHeadStrategy_FastPathEmitsObserverEvictions
--- PASS: TestDropHeadStrategy_FastPathEmitsObserverEvictions (0.00s)
=== RUN   TestDropHeadStrategy_SelectivePathEmitsObserverEvictions
--- PASS: TestDropHeadStrategy_SelectivePathEmitsObserverEvictions (0.00s)
=== RUN   TestSummarizer_Identity
--- PASS: TestSummarizer_Identity (0.08s)
=== RUN   TestSummarizer_BindingFailures
=== RUN   TestSummarizer_BindingFailures/missing
=== RUN   TestSummarizer_BindingFailures/surplus
=== RUN   TestSummarizer_BindingFailures/invalid
--- PASS: TestSummarizer_BindingFailures (0.00s)
    --- PASS: TestSummarizer_BindingFailures/missing (0.00s)
    --- PASS: TestSummarizer_BindingFailures/surplus (0.00s)
    --- PASS: TestSummarizer_BindingFailures/invalid (0.00s)
=== RUN   TestTextReplacement_Identity
--- PASS: TestTextReplacement_Identity (0.00s)
=== RUN   TestTextReplacement_Failures
=== RUN   TestTextReplacement_Failures/empty-id
=== RUN   TestTextReplacement_Failures/empty-segment
=== RUN   TestTextReplacement_Failures/unknown-segment
=== RUN   TestTextReplacement_Failures/missing
=== RUN   TestTextReplacement_Failures/wrong-segment
--- PASS: TestTextReplacement_Failures (0.00s)
    --- PASS: TestTextReplacement_Failures/empty-id (0.00s)
    --- PASS: TestTextReplacement_Failures/empty-segment (0.00s)
    --- PASS: TestTextReplacement_Failures/unknown-segment (0.00s)
    --- PASS: TestTextReplacement_Failures/missing (0.00s)
    --- PASS: TestTextReplacement_Failures/wrong-segment (0.00s)
=== RUN   TestTextReplacement_BudgetRemoval
--- PASS: TestTextReplacement_BudgetRemoval (0.00s)
=== RUN   TestAcceptance_TextReplacement_ExactLastUserID
=== PAUSE TestAcceptance_TextReplacement_ExactLastUserID
=== RUN   TestAcceptance_TextReplacement_NotMutatesInput
=== PAUSE TestAcceptance_TextReplacement_NotMutatesInput
=== RUN   TestAcceptance_TextReplacement_EmptySegmentMissingTarget
=== PAUSE TestAcceptance_TextReplacement_EmptySegmentMissingTarget
=== RUN   TestAcceptance_TextReplacement_MissingIDDoesNotRetarget
=== PAUSE TestAcceptance_TextReplacement_MissingIDDoesNotRetarget
=== RUN   TestAcceptance_TextReplacement_PendingTurn
=== PAUSE TestAcceptance_TextReplacement_PendingTurn
=== RUN   TestAcceptance_TextReplacement_PreBudgetSkipsHistory
=== PAUSE TestAcceptance_TextReplacement_PreBudgetSkipsHistory
=== RUN   TestAcceptance_TextReplacement_MultipleExplicitIDs
=== PAUSE TestAcceptance_TextReplacement_MultipleExplicitIDs
=== RUN   TestAcceptance_TextReplacement_ExplicitFirstID
=== PAUSE TestAcceptance_TextReplacement_ExplicitFirstID
=== RUN   TestAcceptance_TextReplacement_ExplicitIDWithoutDefaults
=== PAUSE TestAcceptance_TextReplacement_ExplicitIDWithoutDefaults
=== RUN   TestAcceptance_TextReplacement_ToolsSegment
=== PAUSE TestAcceptance_TextReplacement_ToolsSegment
=== RUN   TestAcceptance_TextReplacement_PostBudgetSkipsNonHistory
=== PAUSE TestAcceptance_TextReplacement_PostBudgetSkipsNonHistory
=== RUN   TestCharFallbackEstimator
--- PASS: TestCharFallbackEstimator (0.00s)
=== RUN   TestFixedEstimator_ToolParts
--- PASS: TestFixedEstimator_ToolParts (0.00s)
=== RUN   TestAcceptance_Tool_PartsEndToEnd
--- PASS: TestAcceptance_Tool_PartsEndToEnd (0.00s)
=== RUN   TestAcceptance_Tool_PartsStorageRoundTrip
--- PASS: TestAcceptance_Tool_PartsStorageRoundTrip (0.00s)
=== RUN   TestAcceptance_Tool_TurnCanonicalLayout
--- PASS: TestAcceptance_Tool_TurnCanonicalLayout (0.00s)
=== RUN   TestAcceptance_Tool_PayloadRoundTripAndToolRoundValidation
=== PAUSE TestAcceptance_Tool_PayloadRoundTripAndToolRoundValidation
=== RUN   TestAcceptance_Tool_RoundsStayAlignedWithHistoryDeltas
=== PAUSE TestAcceptance_Tool_RoundsStayAlignedWithHistoryDeltas
=== RUN   TestTrace_MappingOccurrence
--- PASS: TestTrace_MappingOccurrence (0.00s)
=== RUN   TestTrace_MappingRemovalCancellation
--- PASS: TestTrace_MappingRemovalCancellation (0.00s)
=== RUN   TestTrace_StageDescriptors
=== RUN   TestTrace_StageDescriptors/source
=== RUN   TestTrace_StageDescriptors/deferred
=== RUN   TestTrace_StageDescriptors/merge
=== RUN   TestTrace_StageDescriptors/hook
=== RUN   TestTrace_StageDescriptors/role
=== RUN   TestTrace_StageDescriptors/format
=== RUN   TestTrace_StageDescriptors/summarize
=== RUN   TestTrace_StageDescriptors/budget
=== RUN   TestTrace_StageDescriptors/prompt
=== RUN   TestTrace_StageDescriptors/patch
=== RUN   TestTrace_StageDescriptors/project
=== RUN   TestTrace_StageDescriptors/render
=== RUN   TestTrace_StageDescriptors/prompt-template
=== RUN   TestTrace_StageDescriptors/artifact
--- PASS: TestTrace_StageDescriptors (0.26s)
    --- PASS: TestTrace_StageDescriptors/source (0.00s)
    --- PASS: TestTrace_StageDescriptors/deferred (0.00s)
    --- PASS: TestTrace_StageDescriptors/merge (0.01s)
    --- PASS: TestTrace_StageDescriptors/hook (0.02s)
    --- PASS: TestTrace_StageDescriptors/role (0.02s)
    --- PASS: TestTrace_StageDescriptors/format (0.02s)
    --- PASS: TestTrace_StageDescriptors/summarize (0.02s)
    --- PASS: TestTrace_StageDescriptors/budget (0.02s)
    --- PASS: TestTrace_StageDescriptors/prompt (0.00s)
    --- PASS: TestTrace_StageDescriptors/patch (0.01s)
    --- PASS: TestTrace_StageDescriptors/project (0.03s)
    --- PASS: TestTrace_StageDescriptors/render (0.04s)
    --- PASS: TestTrace_StageDescriptors/prompt-template (0.01s)
    --- PASS: TestTrace_StageDescriptors/artifact (0.00s)
=== RUN   TestTrace_InvalidInputs
=== RUN   TestTrace_InvalidInputs/duplicate-invocation
=== RUN   TestTrace_InvalidInputs/multiple-producers
=== RUN   TestTrace_InvalidInputs/cycle
=== RUN   TestTrace_InvalidInputs/invalid-origin
=== RUN   TestTrace_InvalidInputs/wrong-origin-revision
=== RUN   TestTrace_InvalidInputs/required-codec
=== RUN   TestTrace_InvalidInputs/unknown-input-codec
--- PASS: TestTrace_InvalidInputs (0.00s)
    --- PASS: TestTrace_InvalidInputs/duplicate-invocation (0.00s)
    --- PASS: TestTrace_InvalidInputs/multiple-producers (0.00s)
    --- PASS: TestTrace_InvalidInputs/cycle (0.00s)
    --- PASS: TestTrace_InvalidInputs/invalid-origin (0.00s)
    --- PASS: TestTrace_InvalidInputs/wrong-origin-revision (0.00s)
    --- PASS: TestTrace_InvalidInputs/required-codec (0.00s)
    --- PASS: TestTrace_InvalidInputs/unknown-input-codec (0.00s)
=== RUN   TestTrace_GeneratedRoot
=== RUN   TestTrace_GeneratedRoot/strict
=== RUN   TestTrace_GeneratedRoot/permissive
--- PASS: TestTrace_GeneratedRoot (0.00s)
    --- PASS: TestTrace_GeneratedRoot/strict (0.00s)
    --- PASS: TestTrace_GeneratedRoot/permissive (0.00s)
=== RUN   TestTrace_TargetStageFailures
=== RUN   TestTrace_TargetStageFailures/format
=== RUN   TestTrace_TargetStageFailures/budget
=== RUN   TestTrace_TargetStageFailures/project
=== RUN   TestTrace_TargetStageFailures/render
--- PASS: TestTrace_TargetStageFailures (0.01s)
    --- PASS: TestTrace_TargetStageFailures/format (0.00s)
    --- PASS: TestTrace_TargetStageFailures/budget (0.00s)
    --- PASS: TestTrace_TargetStageFailures/project (0.00s)
    --- PASS: TestTrace_TargetStageFailures/render (0.00s)
=== RUN   TestTrace_Configuration
=== RUN   TestTrace_Configuration/origins
=== RUN   TestTrace_Configuration/identity
=== RUN   TestTrace_Configuration/labels
=== RUN   TestTrace_Configuration/codec
--- PASS: TestTrace_Configuration (0.12s)
    --- PASS: TestTrace_Configuration/origins (0.02s)
    --- PASS: TestTrace_Configuration/identity (0.01s)
    --- PASS: TestTrace_Configuration/labels (0.01s)
    --- PASS: TestTrace_Configuration/codec (0.01s)
=== RUN   TestCodec_BindingFailures
=== RUN   TestCodec_BindingFailures/missing
=== RUN   TestCodec_BindingFailures/duplicate
=== RUN   TestCodec_BindingFailures/extra
=== RUN   TestCodec_BindingFailures/wrong-kind
=== RUN   TestCodec_BindingFailures/nil-decoder
=== RUN   TestCodec_BindingFailures/required-missing
--- PASS: TestCodec_BindingFailures (0.00s)
    --- PASS: TestCodec_BindingFailures/missing (0.00s)
    --- PASS: TestCodec_BindingFailures/duplicate (0.00s)
    --- PASS: TestCodec_BindingFailures/extra (0.00s)
    --- PASS: TestCodec_BindingFailures/wrong-kind (0.00s)
    --- PASS: TestCodec_BindingFailures/nil-decoder (0.00s)
    --- PASS: TestCodec_BindingFailures/required-missing (0.00s)
=== RUN   TestTrace_LabelPersistenceRoundTrip
--- PASS: TestTrace_LabelPersistenceRoundTrip (0.02s)
=== RUN   TestLineage_Stages
--- PASS: TestLineage_Stages (0.02s)
=== RUN   TestTrace_MissingOrigins
--- PASS: TestTrace_MissingOrigins (0.00s)
=== RUN   TestTrace_ExplicitMapping
--- PASS: TestTrace_ExplicitMapping (0.00s)
=== RUN   TestAcceptance_Transformations_ByMessageID
--- PASS: TestAcceptance_Transformations_ByMessageID (0.00s)
=== RUN   TestTransform_CallbackCancellation
=== RUN   TestTransform_CallbackCancellation/hook/false
=== RUN   TestTransform_CallbackCancellation/hook/true
=== RUN   TestTransform_CallbackCancellation/role/false
=== RUN   TestTransform_CallbackCancellation/role/true
=== RUN   TestTransform_CallbackCancellation/segment/false
=== RUN   TestTransform_CallbackCancellation/segment/true
=== RUN   TestTransform_CallbackCancellation/target/false
=== RUN   TestTransform_CallbackCancellation/target/true
=== RUN   TestTransform_CallbackCancellation/summarize/false
=== RUN   TestTransform_CallbackCancellation/summarize/true
--- PASS: TestTransform_CallbackCancellation (0.01s)
    --- PASS: TestTransform_CallbackCancellation/hook/false (0.00s)
    --- PASS: TestTransform_CallbackCancellation/hook/true (0.00s)
    --- PASS: TestTransform_CallbackCancellation/role/false (0.00s)
    --- PASS: TestTransform_CallbackCancellation/role/true (0.00s)
    --- PASS: TestTransform_CallbackCancellation/segment/false (0.00s)
    --- PASS: TestTransform_CallbackCancellation/segment/true (0.00s)
    --- PASS: TestTransform_CallbackCancellation/target/false (0.00s)
    --- PASS: TestTransform_CallbackCancellation/target/true (0.00s)
    --- PASS: TestTransform_CallbackCancellation/summarize/false (0.00s)
    --- PASS: TestTransform_CallbackCancellation/summarize/true (0.00s)
=== RUN   TestRole_CallbackOwnership
--- PASS: TestRole_CallbackOwnership (0.00s)
=== RUN   TestHook_CancellationStopsNext
--- PASS: TestHook_CancellationStopsNext (0.00s)
=== RUN   TestSummarizer_CallbackOwnership
--- PASS: TestSummarizer_CallbackOwnership (0.00s)
=== RUN   TestTruncation_Configuration
--- PASS: TestTruncation_Configuration (0.05s)
=== RUN   TestTruncation_HostIdentity
--- PASS: TestTruncation_HostIdentity (0.04s)
=== RUN   TestTruncation_BuiltinProfiles
=== RUN   TestTruncation_BuiltinProfiles/strict
=== RUN   TestTruncation_BuiltinProfiles/drop
=== RUN   TestTruncation_BuiltinProfiles/drop-tail
--- PASS: TestTruncation_BuiltinProfiles (0.05s)
    --- PASS: TestTruncation_BuiltinProfiles/strict (0.02s)
    --- PASS: TestTruncation_BuiltinProfiles/drop (0.01s)
    --- PASS: TestTruncation_BuiltinProfiles/drop-tail (0.02s)
=== RUN   TestAcceptance_Views_NonMutating
--- PASS: TestAcceptance_Views_NonMutating (0.00s)
=== CONT  TestApplyMergePolicy_UnknownPolicyRejected
--- PASS: TestApplyMergePolicy_UnknownPolicyRejected (0.00s)
=== CONT  TestAcceptance_Tool_RoundsStayAlignedWithHistoryDeltas
=== CONT  TestAcceptance_NamedView_WithBudget
=== CONT  TestAcceptance_Message_CodecRoundTripsTypedExtensions
=== CONT  TestAcceptance_Target_BudgetSummaryTraceability
=== CONT  TestAcceptance_NamedView_FormatterInjected
=== CONT  TestAcceptance_Multi_TargetCompileOutput
=== CONT  TestAcceptance_Message_EqualIncludesOrigin
=== CONT  TestAcceptance_Compile_MergesStoreAndRequestArtifactsBeforeValidation
=== CONT  TestAcceptance_Origin_AndLLMCacheRoundTrip
=== CONT  TestAcceptance_IndependentPreparedOutputs
=== CONT  TestAcceptance_Typed_ArtifactReplaceByOriginUsesSourceMetadata
=== CONT  TestAcceptance_Hook_IntroducedIDsRespectDurableIdentity
=== CONT  TestAcceptance_Projection_InputSnapshotUsesPreparedState
=== CONT  TestAcceptance_CompileTarget_Validation
=== CONT  TestMessage_CloneCopiesOriginAndLLMCache
=== CONT  TestAcceptance_Target_GeneratedIDsFailClosedWithoutPolicy
=== CONT  TestAcceptance_DurableIdentity_PolicyAndWritebackIntent
=== CONT  TestAcceptance_Tool_PayloadRoundTripAndToolRoundValidation
--- PASS: TestAcceptance_Tool_RoundsStayAlignedWithHistoryDeltas (0.00s)
=== CONT  TestAcceptance_Target_FormatterDuplicateIDsFailClosed
--- PASS: TestAcceptance_Tool_PayloadRoundTripAndToolRoundValidation (0.00s)
=== CONT  TestAcceptance_CurrentTurn_CanSkipPersistenceAndRejectInvalidPolicy
--- PASS: TestAcceptance_CompileTarget_Validation (0.00s)
=== CONT  TestAcceptance_TextReplacement_PostBudgetSkipsNonHistory
--- PASS: TestAcceptance_NamedView_WithBudget (0.00s)
--- PASS: TestAcceptance_Message_CodecRoundTripsTypedExtensions (0.00s)
--- PASS: TestAcceptance_NamedView_FormatterInjected (0.00s)
--- PASS: TestAcceptance_Message_EqualIncludesOrigin (0.00s)
--- PASS: TestAcceptance_Origin_AndLLMCacheRoundTrip (0.00s)
--- PASS: TestAcceptance_Multi_TargetCompileOutput (0.00s)
--- PASS: TestAcceptance_Compile_MergesStoreAndRequestArtifactsBeforeValidation (0.00s)
--- PASS: TestAcceptance_Typed_ArtifactReplaceByOriginUsesSourceMetadata (0.00s)
--- PASS: TestAcceptance_Projection_InputSnapshotUsesPreparedState (0.00s)
--- PASS: TestMessage_CloneCopiesOriginAndLLMCache (0.00s)
--- PASS: TestAcceptance_Hook_IntroducedIDsRespectDurableIdentity (0.00s)
--- PASS: TestAcceptance_Target_GeneratedIDsFailClosedWithoutPolicy (0.00s)
--- PASS: TestAcceptance_CurrentTurn_CanSkipPersistenceAndRejectInvalidPolicy (0.00s)
=== CONT  TestAcceptance_TextReplacement_ExplicitIDWithoutDefaults
--- PASS: TestAcceptance_IndependentPreparedOutputs (0.01s)
=== CONT  TestAcceptance_CurrentTurn_PromptProjectionAndPersistence
--- PASS: TestAcceptance_TextReplacement_PostBudgetSkipsNonHistory (0.00s)
=== CONT  TestAcceptance_TextReplacement_ToolsSegment
--- PASS: TestAcceptance_TextReplacement_ToolsSegment (0.00s)
=== CONT  TestAcceptance_TextReplacement_ExplicitFirstID
--- PASS: TestAcceptance_TextReplacement_ExplicitIDWithoutDefaults (0.00s)
=== CONT  TestAcceptance_Context_ArtifactPersistenceAndMergePolicies
=== CONT  TestAcceptance_Target_TraceabilityAndIdentityPolicy
=== CONT  TestAcceptance_Typed_ArtifactCodecRoundTrip
=== CONT  TestAcceptance_DurableIdentity_PendingWritebackKeepsHistoryOffset
=== CONT  TestAcceptance_Public_NormalizeFailsClosedAndReturnsWritebacks
--- PASS: TestAcceptance_Public_NormalizeFailsClosedAndReturnsWritebacks (0.00s)
=== CONT  TestAcceptance_TextReplacement_PreBudgetSkipsHistory
--- PASS: TestAcceptance_Typed_ArtifactCodecRoundTrip (0.00s)
=== CONT  TestAcceptance_TextReplacement_MultipleExplicitIDs
--- PASS: TestAcceptance_TextReplacement_PreBudgetSkipsHistory (0.00s)
=== CONT  TestAcceptance_CurrentTurn_CanPersistPromptSafeText
--- PASS: TestAcceptance_Target_BudgetSummaryTraceability (0.02s)
=== CONT  TestAcceptance_TextReplacement_PendingTurn
--- PASS: TestAcceptance_TextReplacement_ExplicitFirstID (0.00s)
--- PASS: TestAcceptance_CurrentTurn_CanPersistPromptSafeText (0.00s)
=== CONT  TestAcceptance_Context_AwareFormatterReceivesContextAndPropagatesError
=== CONT  TestAcceptance_TextReplacement_MissingIDDoesNotRetarget
--- PASS: TestAcceptance_Context_ArtifactPersistenceAndMergePolicies (0.00s)
=== CONT  TestAcceptance_TextReplacement_ExactLastUserID
--- PASS: TestAcceptance_TextReplacement_MissingIDDoesNotRetarget (0.00s)
=== CONT  TestAcceptance_Actor_ProjectionAndSourceRefsRoundTrip
--- PASS: TestAcceptance_TextReplacement_MultipleExplicitIDs (0.00s)
=== CONT  TestAcceptance_RenderView_BuiltinCollisionRejected
--- PASS: TestAcceptance_RenderView_BuiltinCollisionRejected (0.00s)
=== CONT  TestAcceptance_SelectionPriorityAndChronology
--- PASS: TestAcceptance_Context_AwareFormatterReceivesContextAndPropagatesError (0.00s)
=== CONT  TestAcceptance_ArtifactAdmissionUsesEachOutputEstimator
--- PASS: TestAcceptance_Actor_ProjectionAndSourceRefsRoundTrip (0.00s)
=== CONT  TestAcceptance_SelectionConsumersCannotBypassResourceAuthorization
--- PASS: TestAcceptance_SelectionPriorityAndChronology (0.00s)
=== CONT  TestAcceptance_SelectionRejectsRawTurnAndPartialRound
--- PASS: TestAcceptance_TextReplacement_ExactLastUserID (0.00s)
=== CONT  TestAcceptance_TextReplacement_NotMutatesInput
--- PASS: TestAcceptance_SelectionConsumersCannotBypassResourceAuthorization (0.00s)
=== CONT  TestAcceptance_PersistenceProjection_InPlaceFormatter
--- PASS: TestAcceptance_SelectionRejectsRawTurnAndPartialRound (0.00s)
=== CONT  TestAcceptance_SelectionPendingInFlightCallCannotLoseToolSemantics
--- PASS: TestAcceptance_DurableIdentity_PolicyAndWritebackIntent (0.02s)
=== CONT  TestAcceptance_Render_ViewNonMutating
--- PASS: TestAcceptance_Target_FormatterDuplicateIDsFailClosed (0.02s)
=== CONT  TestAcceptance_SelectionSharedResourceResolvesOnce
--- PASS: TestAcceptance_CurrentTurn_PromptProjectionAndPersistence (0.01s)
=== CONT  TestAcceptance_RenderView_BuiltinParity
=== RUN   TestAcceptance_RenderView_BuiltinParity/llm_xml
=== PAUSE TestAcceptance_RenderView_BuiltinParity/llm_xml
=== RUN   TestAcceptance_RenderView_BuiltinParity/flat_classifier
--- PASS: TestAcceptance_DurableIdentity_PendingWritebackKeepsHistoryOffset (0.01s)
=== CONT  TestAcceptance_SelectionPrioritySharesCapacityAcrossHistoryAndArtifacts
--- PASS: TestAcceptance_PersistenceProjection_InPlaceFormatter (0.00s)
=== PAUSE TestAcceptance_RenderView_BuiltinParity/flat_classifier
--- PASS: TestAcceptance_TextReplacement_NotMutatesInput (0.01s)
=== CONT  TestAcceptance_Conversation_DeltaStateCodecAndStore
--- PASS: TestAcceptance_Render_ViewNonMutating (0.00s)
=== CONT  TestAcceptance_SelectionOutputsPinDifferentModelProfiles
=== CONT  TestAcceptance_SelectionMandatoryOverflowIsAtomic
--- PASS: TestAcceptance_SelectionMandatoryOverflowIsAtomic (0.00s)
=== CONT  TestAcceptance_PersistenceProjection_FormattedWithoutIntroducedOmits
--- PASS: TestAcceptance_PersistenceProjection_FormattedWithoutIntroducedOmits (0.00s)
=== CONT  TestAcceptance_PersistenceProjection_DropsBudgetEvicted
--- PASS: TestAcceptance_TextReplacement_PendingTurn (0.02s)
=== CONT  TestAcceptance_PersistenceProjection_PartialHookReplaceOrder
--- PASS: TestAcceptance_Target_TraceabilityAndIdentityPolicy (0.02s)
=== CONT  TestAcceptance_ResolveVar_MapClone
=== CONT  TestAcceptance_SelectionCurrentTurnAllowsExplicitPromptReplacement
--- PASS: TestAcceptance_ResolveVar_MapClone (0.00s)
=== CONT  TestAcceptance_PersistenceProjection_DeferredPlusInPlaceFormatter
--- PASS: TestAcceptance_PersistenceProjection_DropsBudgetEvicted (0.00s)
=== CONT  TestAcceptance_SelectionToolsRoundIsAtomic
--- PASS: TestAcceptance_PersistenceProjection_DeferredPlusInPlaceFormatter (0.00s)
=== CONT  TestAcceptance_PersistenceProjection_ToolsSegment
--- PASS: TestAcceptance_SelectionPendingInFlightCallCannotLoseToolSemantics (0.01s)
=== CONT  TestAcceptance_ResolveVar_InDeferred
--- PASS: TestAcceptance_SelectionPrioritySharesCapacityAcrossHistoryAndArtifacts (0.01s)
=== CONT  TestAcceptance_TextReplacement_EmptySegmentMissingTarget
--- PASS: TestAcceptance_TextReplacement_EmptySegmentMissingTarget (0.00s)
=== CONT  TestAcceptance_PersistenceProjection_OversizedSummaryRejected
--- PASS: TestAcceptance_PersistenceProjection_OversizedSummaryRejected (0.00s)
=== CONT  TestAcceptance_PersistenceProjection_SummarizeReusesTruncatedID
--- PASS: TestAcceptance_Conversation_DeltaStateCodecAndStore (0.01s)
=== CONT  TestAcceptance_PersistenceProjection_ReplacedByHook
--- PASS: TestAcceptance_PersistenceProjection_ReplacedByHook (0.00s)
=== CONT  TestAcceptance_PersistenceProjection_IncludesSummary
--- PASS: TestAcceptance_PersistenceProjection_SummarizeReusesTruncatedID (0.00s)
=== CONT  TestAcceptance_PersistenceProjection_PreBudgetPatchNonHistory
--- PASS: TestAcceptance_PersistenceProjection_IncludesSummary (0.00s)
=== CONT  TestAcceptance_PersistenceProjection_KeepsOriginalOnRedaction
--- PASS: TestAcceptance_PersistenceProjection_PreBudgetPatchNonHistory (0.00s)
=== CONT  TestAcceptance_PersistenceProjection_ExcludesPending
--- PASS: TestAcceptance_PersistenceProjection_KeepsOriginalOnRedaction (0.00s)
=== CONT  TestAcceptance_PersistenceProjection_SummaryPlusTextReplacement
--- PASS: TestAcceptance_PersistenceProjection_ExcludesPending (0.00s)
=== CONT  TestAcceptance_ArtifactEvidenceIndependentProfiles
--- PASS: TestAcceptance_SelectionCurrentTurnAllowsExplicitPromptReplacement (0.01s)
--- PASS: TestAcceptance_PersistenceProjection_SummaryPlusTextReplacement (0.00s)
=== CONT  TestAcceptance_PersistenceProjection_DropsTruncated
=== CONT  TestAcceptance_PersistenceProjection_DeferredPlusHook
--- PASS: TestAcceptance_ResolveVar_InDeferred (0.01s)
=== CONT  TestAcceptance_Context_ArtifactsLifecycleAndBudgetPreflight
--- PASS: TestAcceptance_PersistenceProjection_PartialHookReplaceOrder (0.01s)
=== CONT  TestAcceptance_PersistenceProjection_DeferredPlusPreBudgetPatch
--- PASS: TestAcceptance_PersistenceProjection_ToolsSegment (0.01s)
=== CONT  TestAcceptance_Recorder_StructuralFormattedNotOverwrittenByPassed
--- PASS: TestAcceptance_PersistenceProjection_DropsTruncated (0.00s)
=== CONT  TestAcceptance_PersistenceProjection_MemorySegment
--- PASS: TestAcceptance_Recorder_StructuralFormattedNotOverwrittenByPassed (0.00s)
=== CONT  TestAcceptance_MergePolicyReplaceByOrigin_SkipsMessagesWithoutOrigin
--- PASS: TestAcceptance_PersistenceProjection_MemorySegment (0.00s)
=== CONT  TestAcceptance_PersistenceProjection_TextReplacement
--- PASS: TestAcceptance_PersistenceProjection_TextReplacement (0.00s)
=== CONT  TestAcceptance_Introduced_BaselineBeforeHooksAndPatches
--- PASS: TestAcceptance_MergePolicyReplaceByOrigin_SkipsMessagesWithoutOrigin (0.00s)
=== CONT  TestAcceptance_MergePolicyDeduplicateByLayer_PersistenceProjection
--- PASS: TestAcceptance_Introduced_BaselineBeforeHooksAndPatches (0.00s)
=== CONT  TestAcceptance_MergePolicyReplaceByOrigin_PersistenceProjection
--- PASS: TestAcceptance_MergePolicyDeduplicateByLayer_PersistenceProjection (0.00s)
=== CONT  TestAcceptance_NamedView_FormatterReceivesContextAndCanFail
--- PASS: TestAcceptance_NamedView_FormatterReceivesContextAndCanFail (0.00s)
=== CONT  TestAcceptance_IntroducedBaseline_DeferredAndHook
--- PASS: TestAcceptance_IntroducedBaseline_DeferredAndHook (0.00s)
=== CONT  TestAcceptance_PersistenceProjection_DropsTruncatedByDropHead
--- PASS: TestAcceptance_PersistenceProjection_DeferredPlusHook (0.02s)
=== CONT  TestAcceptance_PersistenceProjection_ReplacedByFormatter
--- PASS: TestAcceptance_PersistenceProjection_ReplacedByFormatter (0.00s)
=== CONT  TestAcceptance_BudgetSummary_IdentityIgnoresObserverState
--- PASS: TestAcceptance_BudgetSummary_IdentityIgnoresObserverState (0.00s)
=== CONT  TestAcceptance_Merge_PolicyAppendDefault
--- PASS: TestAcceptance_MergePolicyReplaceByOrigin_PersistenceProjection (0.01s)
=== CONT  TestOutputPolicyOwnedTypedProjection
--- PASS: TestAcceptance_PersistenceProjection_DeferredPlusPreBudgetPatch (0.02s)
=== CONT  TestAcceptance_ArtifactGlobalPackingBelowLocalCap
--- PASS: TestAcceptance_Merge_PolicyAppendDefault (0.00s)
=== CONT  TestOutputPolicyTypedCodecContract
--- PASS: TestAcceptance_PersistenceProjection_DropsTruncatedByDropHead (0.01s)
=== CONT  TestOutputPolicyRejectAndNoPolicy
--- PASS: TestOutputPolicyRejectAndNoPolicy (0.01s)
--- PASS: TestOutputPolicyOwnedTypedProjection (0.01s)
=== CONT  TestOutputPolicyNilDoesNotRestrictRole
--- PASS: TestOutputPolicyNilDoesNotRestrictRole (0.00s)
=== CONT  TestOutputPolicyRejectsStructuralChanges
=== RUN   TestOutputPolicyRejectsStructuralChanges/remove_pending
=== PAUSE TestOutputPolicyRejectsStructuralChanges/remove_pending
=== RUN   TestOutputPolicyRejectsStructuralChanges/reorder
=== PAUSE TestOutputPolicyRejectsStructuralChanges/reorder
=== RUN   TestOutputPolicyRejectsStructuralChanges/move_segment
=== PAUSE TestOutputPolicyRejectsStructuralChanges/move_segment
=== RUN   TestOutputPolicyRejectsStructuralChanges/change_identity
=== PAUSE TestOutputPolicyRejectsStructuralChanges/change_identity
=== RUN   TestOutputPolicyRejectsStructuralChanges/unknown_role
=== PAUSE TestOutputPolicyRejectsStructuralChanges/unknown_role
=== RUN   TestOutputPolicyRejectsStructuralChanges/remove_call
=== PAUSE TestOutputPolicyRejectsStructuralChanges/remove_call
=== RUN   TestOutputPolicyRejectsStructuralChanges/duplicate_call
=== PAUSE TestOutputPolicyRejectsStructuralChanges/duplicate_call
=== RUN   TestOutputPolicyRejectsStructuralChanges/rename_call
=== PAUSE TestOutputPolicyRejectsStructuralChanges/rename_call
=== CONT  TestOutputPolicyConfigurationAndCancellation
=== RUN   TestOutputPolicyRejectsStructuralChanges/change_result_binding
=== PAUSE TestOutputPolicyRejectsStructuralChanges/change_result_binding
=== RUN   TestOutputPolicyRejectsStructuralChanges/change_result_status
=== PAUSE TestOutputPolicyRejectsStructuralChanges/change_result_status
=== RUN   TestOutputPolicyRejectsStructuralChanges/change_tool_role
=== PAUSE TestOutputPolicyRejectsStructuralChanges/change_tool_role
=== RUN   TestOutputPolicyRejectsStructuralChanges/move_tool_part
=== PAUSE TestOutputPolicyRejectsStructuralChanges/move_tool_part
=== RUN   TestOutputPolicyRejectsStructuralChanges/nil_part
=== PAUSE TestOutputPolicyRejectsStructuralChanges/nil_part
=== RUN   TestOutputPolicyRejectsStructuralChanges/invalid_json
=== PAUSE TestOutputPolicyRejectsStructuralChanges/invalid_json
=== CONT  TestAcceptance_Merge_PolicyReplaceByOrigin
--- PASS: TestOutputPolicyConfigurationAndCancellation (0.01s)
=== CONT  TestAcceptance_ArtifactEvidenceRejectsTargetTampering
--- PASS: TestAcceptance_SelectionToolsRoundIsAtomic (0.05s)
=== CONT  TestApplyMergePolicy_MultipleDeferredBlocksSimulated
--- PASS: TestApplyMergePolicy_MultipleDeferredBlocksSimulated (0.00s)
=== CONT  TestApplyMergePolicy_ReplaceByOrigin_EmptyOriginIncoming
--- PASS: TestApplyMergePolicy_ReplaceByOrigin_EmptyOriginIncoming (0.00s)
--- PASS: TestAcceptance_Merge_PolicyReplaceByOrigin (0.00s)
=== CONT  TestApplyMergePolicy_DeduplicateByLayer
--- PASS: TestApplyMergePolicy_DeduplicateByLayer (0.00s)
=== CONT  TestApplyMergePolicy_AppendDefault
--- PASS: TestApplyMergePolicy_AppendDefault (0.00s)
=== CONT  TestApplyMergePolicy_ReplaceByOrigin_ReplacesTemplate
--- PASS: TestApplyMergePolicy_ReplaceByOrigin_ReplacesTemplate (0.00s)
=== CONT  TestApplyMergePolicy_ReplaceByOrigin_DropsMultipleSameTemplate
--- PASS: TestApplyMergePolicy_ReplaceByOrigin_DropsMultipleSameTemplate (0.00s)
=== CONT  TestAcceptance_RenderView_BuiltinParity/flat_classifier
=== CONT  TestAcceptance_RenderView_BuiltinParity/llm_xml
--- PASS: TestAcceptance_RenderView_BuiltinParity (0.00s)
    --- PASS: TestAcceptance_RenderView_BuiltinParity/flat_classifier (0.00s)
    --- PASS: TestAcceptance_RenderView_BuiltinParity/llm_xml (0.00s)
--- PASS: TestAcceptance_Context_ArtifactsLifecycleAndBudgetPreflight (0.04s)
=== CONT  TestOutputPolicyRejectsStructuralChanges/invalid_json
--- PASS: TestOutputPolicyTypedCodecContract (0.02s)
=== CONT  TestOutputPolicyRejectsStructuralChanges/nil_part
=== CONT  TestOutputPolicyRejectsStructuralChanges/move_tool_part
=== CONT  TestOutputPolicyRejectsStructuralChanges/change_result_status
=== CONT  TestAcceptance_Merge_PolicyDeduplicateByLayer
=== CONT  TestOutputPolicyRejectsStructuralChanges/remove_pending
=== CONT  TestOutputPolicyRejectsStructuralChanges/change_tool_role
--- PASS: TestAcceptance_Merge_PolicyDeduplicateByLayer (0.00s)
=== CONT  TestOutputPolicyRejectsStructuralChanges/change_result_binding
=== CONT  TestOutputPolicyRejectsStructuralChanges/rename_call
--- PASS: TestAcceptance_SelectionSharedResourceResolvesOnce (0.08s)
=== CONT  TestOutputPolicyRejectsStructuralChanges/duplicate_call
=== CONT  TestOutputPolicyRejectsStructuralChanges/unknown_role
=== CONT  TestOutputPolicyRejectsStructuralChanges/remove_call
=== CONT  TestOutputPolicyRejectsStructuralChanges/move_segment
=== CONT  TestOutputPolicyRejectsStructuralChanges/reorder
=== CONT  TestOutputPolicyRejectsStructuralChanges/change_identity
--- PASS: TestAcceptance_ArtifactGlobalPackingBelowLocalCap (0.08s)
--- PASS: TestOutputPolicyRejectsStructuralChanges (0.01s)
    --- PASS: TestOutputPolicyRejectsStructuralChanges/invalid_json (0.00s)
    --- PASS: TestOutputPolicyRejectsStructuralChanges/nil_part (0.00s)
    --- PASS: TestOutputPolicyRejectsStructuralChanges/move_tool_part (0.00s)
    --- PASS: TestOutputPolicyRejectsStructuralChanges/change_result_status (0.01s)
    --- PASS: TestOutputPolicyRejectsStructuralChanges/change_tool_role (0.02s)
    --- PASS: TestOutputPolicyRejectsStructuralChanges/rename_call (0.01s)
    --- PASS: TestOutputPolicyRejectsStructuralChanges/duplicate_call (0.01s)
    --- PASS: TestOutputPolicyRejectsStructuralChanges/unknown_role (0.01s)
    --- PASS: TestOutputPolicyRejectsStructuralChanges/remove_call (0.01s)
    --- PASS: TestOutputPolicyRejectsStructuralChanges/reorder (0.01s)
    --- PASS: TestOutputPolicyRejectsStructuralChanges/change_result_binding (0.04s)
    --- PASS: TestOutputPolicyRejectsStructuralChanges/remove_pending (0.04s)
    --- PASS: TestOutputPolicyRejectsStructuralChanges/move_segment (0.03s)
    --- PASS: TestOutputPolicyRejectsStructuralChanges/change_identity (0.03s)
--- PASS: TestAcceptance_ArtifactEvidenceIndependentProfiles (0.19s)
=== RUN   TestAcceptance_ArtifactEvidenceRejectsTargetTampering/missing
=== PAUSE TestAcceptance_ArtifactEvidenceRejectsTargetTampering/missing
=== RUN   TestAcceptance_ArtifactEvidenceRejectsTargetTampering/duplicate
=== PAUSE TestAcceptance_ArtifactEvidenceRejectsTargetTampering/duplicate
=== RUN   TestAcceptance_ArtifactEvidenceRejectsTargetTampering/foreign_input
=== PAUSE TestAcceptance_ArtifactEvidenceRejectsTargetTampering/foreign_input
=== RUN   TestAcceptance_ArtifactEvidenceRejectsTargetTampering/cap
=== PAUSE TestAcceptance_ArtifactEvidenceRejectsTargetTampering/cap
=== RUN   TestAcceptance_ArtifactEvidenceRejectsTargetTampering/main_report_in_target
=== PAUSE TestAcceptance_ArtifactEvidenceRejectsTargetTampering/main_report_in_target
=== RUN   TestAcceptance_ArtifactEvidenceRejectsTargetTampering/foreign_exclusion
=== PAUSE TestAcceptance_ArtifactEvidenceRejectsTargetTampering/foreign_exclusion
=== CONT  TestAcceptance_ArtifactEvidenceRejectsTargetTampering/cap
=== CONT  TestAcceptance_ArtifactEvidenceRejectsTargetTampering/foreign_input
=== CONT  TestAcceptance_ArtifactEvidenceRejectsTargetTampering/foreign_exclusion
=== CONT  TestAcceptance_ArtifactEvidenceRejectsTargetTampering/main_report_in_target
=== CONT  TestAcceptance_ArtifactEvidenceRejectsTargetTampering/duplicate
=== CONT  TestAcceptance_ArtifactEvidenceRejectsTargetTampering/missing
--- PASS: TestAcceptance_ArtifactAdmissionUsesEachOutputEstimator (0.32s)
--- PASS: TestAcceptance_ArtifactEvidenceRejectsTargetTampering (0.15s)
    --- PASS: TestAcceptance_ArtifactEvidenceRejectsTargetTampering/main_report_in_target (0.21s)
    --- PASS: TestAcceptance_ArtifactEvidenceRejectsTargetTampering/cap (0.23s)
    --- PASS: TestAcceptance_ArtifactEvidenceRejectsTargetTampering/missing (0.24s)
    --- PASS: TestAcceptance_ArtifactEvidenceRejectsTargetTampering/duplicate (0.24s)
    --- PASS: TestAcceptance_ArtifactEvidenceRejectsTargetTampering/foreign_input (0.24s)
    --- PASS: TestAcceptance_ArtifactEvidenceRejectsTargetTampering/foreign_exclusion (0.25s)
--- PASS: TestAcceptance_SelectionOutputsPinDifferentModelProfiles (0.72s)
PASS
ok  	github.com/skosovsky/contexty	42.754s
=== RUN   TestRetentionCheckpoints
--- PASS: TestRetentionCheckpoints (0.00s)
=== RUN   TestCommitAtomicityAndIdentity
--- PASS: TestCommitAtomicityAndIdentity (0.00s)
=== RUN   TestProvisionalClaimAndSourceRevision
--- PASS: TestProvisionalClaimAndSourceRevision (0.00s)
=== RUN   TestCleanupBindingAndOtherClaims
--- PASS: TestCleanupBindingAndOtherClaims (0.00s)
=== RUN   TestAuthorizationAndCancellation
--- PASS: TestAuthorizationAndCancellation (0.00s)
=== RUN   TestStorageIsolationAndLimits
--- PASS: TestStorageIsolationAndLimits (0.00s)
=== RUN   TestConcurrentRetainCleanup
--- PASS: TestConcurrentRetainCleanup (0.00s)
=== RUN   TestCommitRetirementAtomicity
--- PASS: TestCommitRetirementAtomicity (0.00s)
=== RUN   TestAuthorizationRechecksState
--- PASS: TestAuthorizationRechecksState (0.00s)
=== RUN   TestObjectAuthorizationAndCommitCopies
--- PASS: TestObjectAuthorizationAndCommitCopies (0.00s)
=== RUN   TestBackendIncarnationAndDescriptorBinding
--- PASS: TestBackendIncarnationAndDescriptorBinding (0.00s)
=== RUN   TestCanceledRetentionMutations
=== RUN   TestCanceledRetentionMutations/retain
=== RUN   TestCanceledRetentionMutations/commit
=== RUN   TestCanceledRetentionMutations/retire_source
=== RUN   TestCanceledRetentionMutations/cleanup
--- PASS: TestCanceledRetentionMutations (0.00s)
    --- PASS: TestCanceledRetentionMutations/retain (0.00s)
    --- PASS: TestCanceledRetentionMutations/commit (0.00s)
    --- PASS: TestCanceledRetentionMutations/retire_source (0.00s)
    --- PASS: TestCanceledRetentionMutations/cleanup (0.00s)
=== RUN   TestCanceledReleaseAndCollection
--- PASS: TestCanceledReleaseAndCollection (0.00s)
=== RUN   ExampleStore
--- PASS: ExampleStore (0.00s)
PASS
ok  	github.com/skosovsky/contexty/adapters/blob/memory	1.679s
=== RUN   TestReaderConcurrentRead
--- PASS: TestReaderConcurrentRead (0.00s)
=== RUN   TestReaderSelectionAndOwnership
--- PASS: TestReaderSelectionAndOwnership (0.00s)
=== RUN   TestReaderFailures
=== RUN   TestReaderFailures/denied
=== RUN   TestReaderFailures/missing
=== RUN   TestReaderFailures/revision
=== RUN   TestReaderFailures/digest
=== RUN   TestReaderFailures/bytes
=== RUN   TestReaderFailures/scope
=== RUN   TestReaderFailures/canceled
=== RUN   TestReaderFailures/callback-canceled
--- PASS: TestReaderFailures (0.00s)
    --- PASS: TestReaderFailures/denied (0.00s)
    --- PASS: TestReaderFailures/missing (0.00s)
    --- PASS: TestReaderFailures/revision (0.00s)
    --- PASS: TestReaderFailures/digest (0.00s)
    --- PASS: TestReaderFailures/bytes (0.00s)
    --- PASS: TestReaderFailures/scope (0.00s)
    --- PASS: TestReaderFailures/canceled (0.00s)
    --- PASS: TestReaderFailures/callback-canceled (0.00s)
=== RUN   TestReaderConfiguration
--- PASS: TestReaderConfiguration (0.00s)
PASS
ok  	github.com/skosovsky/contexty/adapters/resource/memory	1.683s
=== RUN   TestArchiveResumeOriginalOutsideWorkingCheckpoint
=== PAUSE TestArchiveResumeOriginalOutsideWorkingCheckpoint
=== RUN   TestJournalResourceContracts
=== PAUSE TestJournalResourceContracts
=== RUN   TestArchiveCancellation
=== PAUSE TestArchiveCancellation
=== CONT  TestArchiveCancellation
=== CONT  TestJournalResourceContracts
=== CONT  TestArchiveResumeOriginalOutsideWorkingCheckpoint
--- PASS: TestArchiveCancellation (0.01s)
--- PASS: TestJournalResourceContracts (0.01s)
--- PASS: TestArchiveResumeOriginalOutsideWorkingCheckpoint (0.03s)
PASS
ok  	github.com/skosovsky/contexty/examples/archive_resume	1.694s
?   	github.com/skosovsky/contexty/examples/context_budget	[no test files]
=== RUN   TestComposition
--- PASS: TestComposition (0.02s)
=== RUN   TestHostFactConflictDecision
--- PASS: TestHostFactConflictDecision (0.00s)
PASS
ok  	github.com/skosovsky/contexty/examples/context_composition	1.663s
?   	github.com/skosovsky/contexty/examples/context_evaluation	[no test files]
=== RUN   TestBehaviorChecksUseRealContracts
=== RUN   TestBehaviorChecksUseRealContracts/partial-round
=== RUN   TestBehaviorChecksUseRealContracts/resource-access
=== RUN   TestBehaviorChecksUseRealContracts/blob-access
=== RUN   TestBehaviorChecksUseRealContracts/consumers
=== RUN   TestBehaviorChecksUseRealContracts/opaque-invalidation
--- PASS: TestBehaviorChecksUseRealContracts (0.05s)
    --- PASS: TestBehaviorChecksUseRealContracts/partial-round (0.01s)
    --- PASS: TestBehaviorChecksUseRealContracts/resource-access (0.01s)
    --- PASS: TestBehaviorChecksUseRealContracts/blob-access (0.00s)
    --- PASS: TestBehaviorChecksUseRealContracts/consumers (0.00s)
    --- PASS: TestBehaviorChecksUseRealContracts/opaque-invalidation (0.03s)
=== RUN   TestBehaviorChecksRejectInsufficientConsumerFixture
--- PASS: TestBehaviorChecksRejectInsufficientConsumerFixture (0.00s)
=== RUN   TestCorpusExpectationsReferToOriginalSources
--- PASS: TestCorpusExpectationsReferToOriginalSources (0.00s)
=== RUN   TestCorpusAdversarialStructure
--- PASS: TestCorpusAdversarialStructure (0.00s)
=== RUN   TestCorpusOwnsEveryReturnedValue
--- PASS: TestCorpusOwnsEveryReturnedValue (0.00s)
=== RUN   TestRunLiveRequiresExplicitPinnedAdaptersBeforeGenerate
=== RUN   TestRunLiveRequiresExplicitPinnedAdaptersBeforeGenerate/opt-in
=== RUN   TestRunLiveRequiresExplicitPinnedAdaptersBeforeGenerate/missing-model
=== RUN   TestRunLiveRequiresExplicitPinnedAdaptersBeforeGenerate/missing-summary
=== RUN   TestRunLiveRequiresExplicitPinnedAdaptersBeforeGenerate/missing-evaluator
=== RUN   TestRunLiveRequiresExplicitPinnedAdaptersBeforeGenerate/model-identity
=== RUN   TestRunLiveRequiresExplicitPinnedAdaptersBeforeGenerate/summary-identity
=== RUN   TestRunLiveRequiresExplicitPinnedAdaptersBeforeGenerate/evaluator-identity
=== RUN   TestRunLiveRequiresExplicitPinnedAdaptersBeforeGenerate/zero-runs
=== RUN   TestRunLiveRequiresExplicitPinnedAdaptersBeforeGenerate/negative-runs
=== RUN   TestRunLiveRequiresExplicitPinnedAdaptersBeforeGenerate/model-mismatch
--- PASS: TestRunLiveRequiresExplicitPinnedAdaptersBeforeGenerate (0.00s)
    --- PASS: TestRunLiveRequiresExplicitPinnedAdaptersBeforeGenerate/opt-in (0.00s)
    --- PASS: TestRunLiveRequiresExplicitPinnedAdaptersBeforeGenerate/missing-model (0.00s)
    --- PASS: TestRunLiveRequiresExplicitPinnedAdaptersBeforeGenerate/missing-summary (0.00s)
    --- PASS: TestRunLiveRequiresExplicitPinnedAdaptersBeforeGenerate/missing-evaluator (0.00s)
    --- PASS: TestRunLiveRequiresExplicitPinnedAdaptersBeforeGenerate/model-identity (0.00s)
    --- PASS: TestRunLiveRequiresExplicitPinnedAdaptersBeforeGenerate/summary-identity (0.00s)
    --- PASS: TestRunLiveRequiresExplicitPinnedAdaptersBeforeGenerate/evaluator-identity (0.00s)
    --- PASS: TestRunLiveRequiresExplicitPinnedAdaptersBeforeGenerate/zero-runs (0.00s)
    --- PASS: TestRunLiveRequiresExplicitPinnedAdaptersBeforeGenerate/negative-runs (0.00s)
    --- PASS: TestRunLiveRequiresExplicitPinnedAdaptersBeforeGenerate/model-mismatch (0.00s)
=== RUN   TestRunLiveUsesAllStrategiesAndExplicitHostMeasurements
--- PASS: TestRunLiveUsesAllStrategiesAndExplicitHostMeasurements (1.78s)
=== RUN   TestRunLiveOwnsFixtureInputsAndAcceptedMeasurements
--- PASS: TestRunLiveOwnsFixtureInputsAndAcceptedMeasurements (2.01s)
=== RUN   TestValidateMeasurementRejectsInvalidOrInventedObservations
=== RUN   TestValidateMeasurementRejectsInvalidOrInventedObservations/missing
=== RUN   TestValidateMeasurementRejectsInvalidOrInventedObservations/zero-observed
=== RUN   TestValidateMeasurementRejectsInvalidOrInventedObservations/unknown-status
=== RUN   TestValidateMeasurementRejectsInvalidOrInventedObservations/unobserved-value
=== RUN   TestValidateMeasurementRejectsInvalidOrInventedObservations/missing-measured-value
=== RUN   TestValidateMeasurementRejectsInvalidOrInventedObservations/missing-unit
=== RUN   TestValidateMeasurementRejectsInvalidOrInventedObservations/missing-unobserved-unit
=== RUN   TestValidateMeasurementRejectsInvalidOrInventedObservations/negative
=== RUN   TestValidateMeasurementRejectsInvalidOrInventedObservations/nan
=== RUN   TestValidateMeasurementRejectsInvalidOrInventedObservations/positive-infinity
=== RUN   TestValidateMeasurementRejectsInvalidOrInventedObservations/negative-infinity
--- PASS: TestValidateMeasurementRejectsInvalidOrInventedObservations (0.00s)
    --- PASS: TestValidateMeasurementRejectsInvalidOrInventedObservations/missing (0.00s)
    --- PASS: TestValidateMeasurementRejectsInvalidOrInventedObservations/zero-observed (0.00s)
    --- PASS: TestValidateMeasurementRejectsInvalidOrInventedObservations/unknown-status (0.00s)
    --- PASS: TestValidateMeasurementRejectsInvalidOrInventedObservations/unobserved-value (0.00s)
    --- PASS: TestValidateMeasurementRejectsInvalidOrInventedObservations/missing-measured-value (0.00s)
    --- PASS: TestValidateMeasurementRejectsInvalidOrInventedObservations/missing-unit (0.00s)
    --- PASS: TestValidateMeasurementRejectsInvalidOrInventedObservations/missing-unobserved-unit (0.00s)
    --- PASS: TestValidateMeasurementRejectsInvalidOrInventedObservations/negative (0.00s)
    --- PASS: TestValidateMeasurementRejectsInvalidOrInventedObservations/nan (0.00s)
    --- PASS: TestValidateMeasurementRejectsInvalidOrInventedObservations/positive-infinity (0.00s)
    --- PASS: TestValidateMeasurementRejectsInvalidOrInventedObservations/negative-infinity (0.00s)
=== RUN   TestRunReproducibleStructuralEvidence
--- PASS: TestRunReproducibleStructuralEvidence (6.67s)
=== RUN   TestRunShowsStrategyLossAndRecovery
--- PASS: TestRunShowsStrategyLossAndRecovery (3.27s)
=== RUN   TestRunRejectsInvalidInputsAndCancellation
--- PASS: TestRunRejectsInvalidInputsAndCancellation (0.10s)
PASS
ok  	github.com/skosovsky/contexty/examples/context_evaluation/evaluation	15.668s
?   	github.com/skosovsky/contexty/examples/context_projections	[no test files]
?   	github.com/skosovsky/contexty/examples/full_assembly	[no test files]
=== RUN   TestOpaqueFixtureCheckpointPreservesTypedState
--- PASS: TestOpaqueFixtureCheckpointPreservesTypedState (0.01s)
=== RUN   TestOpaqueFixtureDependencyRules
--- PASS: TestOpaqueFixtureDependencyRules (0.05s)
=== RUN   TestOpaqueFixtureMissingCodecAndProfileFail
--- PASS: TestOpaqueFixtureMissingCodecAndProfileFail (0.01s)
=== RUN   TestOpaqueFixtureExecutable
checkpoint preserved two typed states; changed dependency rejected=true; explicit drop remaining=0
--- PASS: TestOpaqueFixtureExecutable (0.06s)
PASS
ok  	github.com/skosovsky/contexty/examples/opaque_state	1.900s
?   	github.com/skosovsky/contexty/examples/prefix_diagnostics	[no test files]
=== RUN   TestJIT_MetadataDiscoveryThenTwoBoundedReads
--- PASS: TestJIT_MetadataDiscoveryThenTwoBoundedReads (0.07s)
=== RUN   TestJIT_StaleDeniedAndBoundedReadExposeNoBody
=== RUN   TestJIT_StaleDeniedAndBoundedReadExposeNoBody/stale_revision
=== RUN   TestJIT_StaleDeniedAndBoundedReadExposeNoBody/stale_digest
=== RUN   TestJIT_StaleDeniedAndBoundedReadExposeNoBody/denied_scope
=== RUN   TestJIT_StaleDeniedAndBoundedReadExposeNoBody/insufficient_bound
=== RUN   TestJIT_StaleDeniedAndBoundedReadExposeNoBody/forged_smaller_length
--- PASS: TestJIT_StaleDeniedAndBoundedReadExposeNoBody (0.01s)
    --- PASS: TestJIT_StaleDeniedAndBoundedReadExposeNoBody/stale_revision (0.00s)
    --- PASS: TestJIT_StaleDeniedAndBoundedReadExposeNoBody/stale_digest (0.00s)
    --- PASS: TestJIT_StaleDeniedAndBoundedReadExposeNoBody/denied_scope (0.00s)
    --- PASS: TestJIT_StaleDeniedAndBoundedReadExposeNoBody/insufficient_bound (0.00s)
    --- PASS: TestJIT_StaleDeniedAndBoundedReadExposeNoBody/forged_smaller_length (0.00s)
=== RUN   TestJIT_DescriptorDoesNotAuthorizeUnusedChunk
--- PASS: TestJIT_DescriptorDoesNotAuthorizeUnusedChunk (0.00s)
=== RUN   TestJIT_ResolverVerifiesActualBodyAndRequiredLabels
=== RUN   TestJIT_ResolverVerifiesActualBodyAndRequiredLabels/changed_provider_bytes
=== RUN   TestJIT_ResolverVerifiesActualBodyAndRequiredLabels/missing_label_codec
--- PASS: TestJIT_ResolverVerifiesActualBodyAndRequiredLabels (0.00s)
    --- PASS: TestJIT_ResolverVerifiesActualBodyAndRequiredLabels/changed_provider_bytes (0.00s)
    --- PASS: TestJIT_ResolverVerifiesActualBodyAndRequiredLabels/missing_label_codec (0.00s)
PASS
ok  	github.com/skosovsky/contexty/examples/progressive_disclosure	1.856s
=== RUN   TestLostAcknowledgementAndReconciliation
--- PASS: TestLostAcknowledgementAndReconciliation (0.00s)
=== RUN   TestCompetingCheckpointRemainsUnknown
--- PASS: TestCompetingCheckpointRemainsUnknown (0.00s)
=== RUN   TestNoWitnessRemainsUnknown
--- PASS: TestNoWitnessRemainsUnknown (0.00s)
PASS
ok  	github.com/skosovsky/contexty/examples/resilient_store	1.759s
=== RUN   TestFailingEstimator_Errors
=== RUN   TestFailingEstimator_Errors/default
=== RUN   TestFailingEstimator_Errors/configured
--- PASS: TestFailingEstimator_Errors (0.00s)
    --- PASS: TestFailingEstimator_Errors/default (0.00s)
    --- PASS: TestFailingEstimator_Errors/configured (0.00s)
=== RUN   TestMemoryConversationStateStore_AppendAndLoad
--- PASS: TestMemoryConversationStateStore_AppendAndLoad (0.00s)
PASS
ok  	github.com/skosovsky/contexty/testutil	1.759s
